-- Retirar o use que não é suportado pelo postgresql

-- Massa de dados realista para demonstracao: 2026-01-01 a 2026-06-09.
-- Nao apaga usuarios, credenciais, cargos/permissoes ou status do Kanban.

DELETE FROM pedido_status_pedido;
DELETE FROM produto_pedido;
DELETE FROM movimentacao;
DELETE FROM foto_produto;
DELETE FROM produto;
DELETE FROM tema_produto;
DELETE FROM item_produto;
DELETE FROM endereco_cliente;
DELETE FROM pedido;
DELETE FROM cliente;
DELETE FROM contraparte;
DELETE FROM categoria_tema;
DELETE FROM categoria_movimentacao;


INSERT INTO categoria_movimentacao (id, descricao, status) VALUES
(1, 'Venda', 1),
(2, 'Compra de Insumos', 1),
(3, 'Despesa Operacional', 1),
(4, 'Logistica e Entregas', 1),
(5, 'Marketing', 1);

INSERT INTO categoria_tema (id, ativo, titulo) VALUES
(1, 1, 'Festa Infantil'),
(2, 1, 'Casamento'),
(3, 1, 'Corporativo'),
(4, 1, 'Escolar'),
(5, 1, 'Maternidade'),
(6, 1, 'Datas Comemorativas'),
(7, 1, 'Stitch e Angel'),
(8, 1, 'Bluey'),
(9, 1, 'Fazendinha'),
(10, 1, 'Bobbie Goods'),
(11, 1, 'Sanrio'),
(12, 1, 'Ursinho Pooh'),
(13, 1, 'Cinnamoroll'),
(14, 1, 'Eventos Especiais');

INSERT IGNORE INTO status_pedido (id, status, cor, ordem_kanban, status_role, ativo, created_at, updated_at) VALUES
(1, 'A Fazer', '#FFE5D9', 1, NULL, 1, '2026-01-01 08:00:00', '2026-01-01 08:00:00'),
(2, 'Em Produção', '#F4ACB7', 2, NULL, 1, '2026-01-01 08:00:00', '2026-01-01 08:00:00'),
(3, 'Finalizado', '#EAD2AC', 3, 'FINALIZADO', 1, '2026-01-01 08:00:00', '2026-01-01 08:00:00'),
(4, 'Entregue', '#D8E2DC', 4, 'ENTREGUE', 1, '2026-01-01 08:00:00', '2026-01-01 08:00:00'),
(5, 'Cancelado', '#E2ECE9', 5, 'CANCELADO', 1, '2026-01-01 08:00:00', '2026-01-01 08:00:00');
UPDATE status_pedido SET status_role = 'FINALIZADO' WHERE id = 3 AND status_role IS NULL;
UPDATE status_pedido SET status_role = 'ENTREGUE' WHERE id = 4 AND status_role IS NULL;
UPDATE status_pedido SET status_role = 'CANCELADO' WHERE id = 5 AND status_role IS NULL;

INSERT IGNORE INTO usuario (id, name, email, password, cpf, cargo, status, created_at, updated_at) VALUES
(1, 'Diogo Yudi', 'diogo@encantopersonalizados.com.br', '$2a$10$VaiOzlGn2y7rvrEURrDoteehExkYbTE7/7OV5XInOkR1TD4yXOWTy', '11111111111', 'Administrador', 1, NOW(), NOW()),
(2, 'Hugo Carvalho', 'hugo@encantopersonalizados.com.br', '$2a$10$lETSHiEmLnQ4UmzHK.16ouVSgY8jJpzBBJC0oovns2kAzVe0wfIQW', '22222222222', 'Administrador', 1, NOW(), NOW()),
(3, 'Israel Coaquira', 'israel@encantopersonalizados.com.br', '$2a$10$9qP.j9Kfcp8eRSvs4gu8UOwAfYCrHDyLtp2OpZAeW2evriQ3Ww9mG', '33333333333', 'Administrador', 1, NOW(), NOW()),
(4, 'Matteo Garcia', 'matteo@encantopersonalizados.com.br', '$2a$10$vSanEk7dcQ3XO4QODI2X8.3gmvp7mH5861QxypdBQKLORaUWPLXqS', '44444444444', 'Administrador', 1, NOW(), NOW()),
(5, 'Nicoly Teixeira', 'nicoly@encantopersonalizados.com.br', '$2a$10$JTP3ehbG28PhzBDI66f2VeZ4ixiT.yUqfvQEdAEKo34s6RfPDWPO.', '55555555555', 'Administrador', 1, NOW(), NOW()),
(6, 'Zaqueu', 'zaqueu@encantopersonalizados.com.br', '$2a$10$KUagJdySjLwepVZ7p.Uzr.OO6sbsQ/j2n.fWzCrz47.G2Twm/SCrO', '66666666666', 'Administrador', 1, NOW(), NOW());

UPDATE usuario SET foto = '/uploads/usuarios/1/diogo.png' WHERE id = 1 AND (foto IS NULL OR foto = '');
UPDATE usuario SET foto = '/uploads/usuarios/2/hugo.png' WHERE id = 2 AND (foto IS NULL OR foto = '');
UPDATE usuario SET foto = '/uploads/usuarios/3/israel.jpg' WHERE id = 3 AND (foto IS NULL OR foto = '');
UPDATE usuario SET foto = '/uploads/usuarios/4/matteo.png' WHERE id = 4 AND (foto IS NULL OR foto = '');
UPDATE usuario SET foto = '/uploads/usuarios/5/nicoly.png' WHERE id = 5 AND (foto IS NULL OR foto = '');
UPDATE usuario SET foto = '/uploads/usuarios/6/zeca.png' WHERE id = 6 AND (foto IS NULL OR foto = '');

INSERT INTO contraparte (id, nome, descricao, segmento, tipo_contrato, status, created_at, updated_at) VALUES
(1, 'Sublimix Insumos', 'Fornecedor de papel sublimatico, canecas e tintas', 'Insumos', 'Recorrente', 1, '2026-01-01 08:00:00', '2026-01-01 08:00:00'),
(2, 'Papel & Arte Atacado', 'Fornecedor de papeis especiais, capas e encadernacao', 'Insumos', 'Recorrente', 1, '2026-01-01 08:00:00', '2026-01-01 08:00:00'),
(3, 'Embalagens Vila Mariana', 'Caixas, sacolas kraft e fitas para kits festa', 'Embalagens', 'Recorrente', 1, '2026-01-01 08:00:00', '2026-01-01 08:00:00'),
(4, 'Flash Entregas', 'Motoboy e entregas locais na grande Sao Paulo', 'Logistica', 'Sob Demanda', 1, '2026-01-01 08:00:00', '2026-01-01 08:00:00'),
(5, 'Meta Ads Brasil', 'Campanhas de Instagram e Facebook', 'Marketing', 'Mensal', 1, '2026-01-01 08:00:00', '2026-01-01 08:00:00'),
(6, 'Feira Criativa SP', 'Eventos presenciais e feiras de artesanato', 'Eventos', 'Por Evento', 1, '2026-01-01 08:00:00', '2026-01-01 08:00:00'),
(7, 'Atelie Corte Certo', 'Corte especial, acrilicos e acabamentos terceirizados', 'Producao', 'Sob Demanda', 1, '2026-01-01 08:00:00', '2026-01-01 08:00:00'),
(8, 'Instagram', 'Canal de vendas pelo perfil da Encanto', 'Canal de Venda', 'Digital', 1, '2026-01-01 08:00:00', '2026-01-01 08:00:00'),
(9, 'WhatsApp', 'Atendimento direto e fechamento de pedidos', 'Canal de Venda', 'Digital', 1, '2026-01-01 08:00:00', '2026-01-01 08:00:00'),
(10, 'Indicacao de Clientes', 'Vendas originadas por indicacao', 'Canal de Venda', 'Recorrente', 1, '2026-01-01 08:00:00', '2026-01-01 08:00:00'),
(11, 'Cliente Recorrente', 'Pedidos de clientes que compram com frequencia', 'Canal de Venda', 'Recorrente', 1, '2026-01-01 08:00:00', '2026-01-01 08:00:00'),
(12, 'Evento/Feira', 'Pedidos captados em eventos e feiras', 'Canal de Venda', 'Presencial', 1, '2026-01-01 08:00:00', '2026-01-01 08:00:00'),
(13, 'Site', 'Pedidos originados pelo site institucional', 'Canal de Venda', 'Digital', 1, '2026-01-01 08:00:00', '2026-01-01 08:00:00'),
(14, 'Colegio Jardim das Letras', 'Cliente corporativo escolar', 'Cliente Corporativo', 'Pontual', 1, '2026-01-01 08:00:00', '2026-01-01 08:00:00'),
(15, 'Clinica Bem Viver', 'Cliente corporativo para brindes', 'Cliente Corporativo', 'Pontual', 1, '2026-01-01 08:00:00', '2026-01-01 08:00:00');

INSERT INTO item_produto (id, descricao, material, altura, comprimento, largura, peso, custo_producao, preco_promocional, preco_venda, prazo_producao, ativo, created_at, updated_at) VALUES
(1, 'Mochilinha Personalizada 20x28', 'Tecido poliester', 28, 20, 2, 95, 7.80, 17.90, 24.90, 4, 1, '2026-01-01 08:00:00', '2026-01-01 08:00:00'),
(2, 'Bloquinho A6 com Capa Personalizada', 'Papel offset e capa couche', 14.80, 10.50, 1, 85, 3.20, 8.90, 12.90, 2, 1, '2026-01-01 08:00:00', '2026-01-01 08:00:00'),
(3, 'Livrinho de Colorir 14 paginas', 'Papel offset grampeado', 21, 15, 0.40, 70, 2.80, 7.90, 11.90, 2, 1, '2026-01-01 08:00:00', '2026-01-01 08:00:00'),
(4, 'Balde de Pipoca 1,5L', 'Plastico adesivado', 16, 18, 18, 85, 6.40, 15.90, 22.90, 3, 1, '2026-01-01 08:00:00', '2026-01-01 08:00:00'),
(5, 'Copo Twister 500ml', 'Acrilico personalizado', 15, 8, 8, 95, 6.90, 16.90, 24.90, 3, 1, '2026-01-01 08:00:00', '2026-01-01 08:00:00'),
(6, 'Kit Festa Basico 30 pecas', 'Papelaria personalizada', 18, 24, 8, 420, 34.00, 74.90, 94.90, 5, 1, '2026-01-01 08:00:00', '2026-01-01 08:00:00'),
(7, 'Kit Festa Premium 60 pecas', 'Papelaria personalizada', 22, 32, 12, 780, 68.00, 149.90, 189.90, 7, 1, '2026-01-01 08:00:00', '2026-01-01 08:00:00'),
(8, 'Cofrinho Personalizado', 'Acrilico com rotulo', 10, 7, 7, 65, 4.20, 10.90, 15.90, 3, 1, '2026-01-01 08:00:00', '2026-01-01 08:00:00'),
(9, 'Tubete Personalizado', 'Plastico com aplique', 13, 3, 3, 22, 1.20, 3.20, 4.90, 2, 1, '2026-01-01 08:00:00', '2026-01-01 08:00:00'),
(10, 'Caixinha Milk Personalizada', 'Papel fotografico 180g', 12, 6, 6, 28, 1.50, 4.20, 5.90, 2, 1, '2026-01-01 08:00:00', '2026-01-01 08:00:00'),
(11, 'Caixinha Piramide Personalizada', 'Papel fotografico 180g', 10, 7, 7, 26, 1.40, 3.90, 5.50, 2, 1, '2026-01-01 08:00:00', '2026-01-01 08:00:00'),
(12, 'Tag e Adesivo Personalizado', 'Papel adesivo glossy', 6, 6, 0.10, 3, 0.35, 1.20, 1.80, 1, 1, '2026-01-01 08:00:00', '2026-01-01 08:00:00'),
(13, 'Topo de Bolo Camadas', 'Papel offset e glitter', 20, 18, 1, 40, 6.50, 18.90, 26.90, 3, 1, '2026-01-01 08:00:00', '2026-01-01 08:00:00'),
(14, 'Caneca Ceramica 325ml', 'Ceramica sublimada', 9.50, 8, 8, 320, 9.20, 27.90, 34.90, 3, 1, '2026-01-01 08:00:00', '2026-01-01 08:00:00'),
(15, 'Sacola Kraft Personalizada', 'Kraft com adesivo e tag', 24, 18, 8, 55, 2.60, 6.90, 9.90, 2, 1, '2026-01-01 08:00:00', '2026-01-01 08:00:00'),
(16, 'Convite Digital Personalizado', 'Arte digital', 0, 0, 0, 0, 8.00, 24.90, 34.90, 2, 1, '2026-01-01 08:00:00', '2026-01-01 08:00:00'),
(17, 'Planner Semanal A5', 'Papel offset e wire-o', 21, 15, 1.50, 220, 10.50, 29.90, 39.90, 4, 1, '2026-01-01 08:00:00', '2026-01-01 08:00:00'),
(18, 'Garrafinha Squeeze 500ml', 'Aluminio personalizado', 22, 7, 7, 160, 12.00, 32.90, 44.90, 3, 1, '2026-01-01 08:00:00', '2026-01-01 08:00:00'),
(19, 'Necessaire Personalizada', 'Nylon dublado', 14, 22, 6, 90, 8.50, 24.90, 34.90, 4, 1, '2026-01-01 08:00:00', '2026-01-01 08:00:00'),
(20, 'Chaveiro Acrilico Personalizado', 'Acrilico cristal', 6, 4, 0.40, 18, 2.20, 6.90, 9.90, 2, 1, '2026-01-01 08:00:00', '2026-01-01 08:00:00'),
(21, 'Mini Agenda Personalizada', 'Papel offset e capa dura', 15, 10, 1.50, 180, 9.00, 24.90, 34.90, 4, 1, '2026-01-01 08:00:00', '2026-01-01 08:00:00'),
(22, 'Caixa Acrilica Personalizada', 'Acrilico com aplique', 5, 5, 5, 35, 2.70, 7.90, 11.90, 2, 1, '2026-01-01 08:00:00', '2026-01-01 08:00:00');

INSERT INTO tema_produto (id, descricao, ativo, created_at, updated_at, categoria_tema_id) VALUES
(1, 'Stitch Aventura', 1, '2026-01-01 08:00:00', '2026-01-01 08:00:00', 7),
(2, 'Angel Rosa', 1, '2026-01-01 08:00:00', '2026-01-01 08:00:00', 7),
(3, 'Bluey e Bingo', 1, '2026-01-01 08:00:00', '2026-01-01 08:00:00', 8),
(4, 'Fazendinha do Miguel', 1, '2026-01-01 08:00:00', '2026-01-01 08:00:00', 9),
(5, 'Bobbie Goods Fofo', 1, '2026-01-01 08:00:00', '2026-01-01 08:00:00', 10),
(6, 'Sanrio Friends', 1, '2026-01-01 08:00:00', '2026-01-01 08:00:00', 11),
(7, 'Ursinho Pooh Bosque', 1, '2026-01-01 08:00:00', '2026-01-01 08:00:00', 12),
(8, 'Cinnamoroll Azul', 1, '2026-01-01 08:00:00', '2026-01-01 08:00:00', 13),
(9, 'Festa Infantil Colorida', 1, '2026-01-01 08:00:00', '2026-01-01 08:00:00', 1),
(10, 'Safari Baby', 1, '2026-01-01 08:00:00', '2026-01-01 08:00:00', 1),
(11, 'Princesas Delicadas', 1, '2026-01-01 08:00:00', '2026-01-01 08:00:00', 1),
(12, 'Casamento Floral', 1, '2026-01-01 08:00:00', '2026-01-01 08:00:00', 2),
(13, 'Cha de Bebe Neutro', 1, '2026-01-01 08:00:00', '2026-01-01 08:00:00', 5),
(14, 'Identidade Corporativa', 1, '2026-01-01 08:00:00', '2026-01-01 08:00:00', 3),
(15, 'Volta as Aulas', 1, '2026-01-01 08:00:00', '2026-01-01 08:00:00', 4),
(16, 'Formatura Escolar', 1, '2026-01-01 08:00:00', '2026-01-01 08:00:00', 4),
(17, 'Dia das Maes Afetivo', 1, '2026-01-01 08:00:00', '2026-01-01 08:00:00', 6),
(18, 'Evento Criativo', 1, '2026-01-01 08:00:00', '2026-01-01 08:00:00', 14);

INSERT INTO produto (id, titulo, descricao, ativo, created_at, updated_at, item_produto_id, tema_produto_id) VALUES
(1, 'Mochilinha Stitch Aventura', 'Mochilinha Stitch Aventura com nome, idade, paleta de cores e arte aprovados pelo cliente.', 1, '2026-01-01 08:00:00', '2026-01-01 08:00:00', 1, 1),
(2, 'Bloquinho Stitch Aventura', 'Bloquinho Stitch Aventura com nome, idade, paleta de cores e arte aprovados pelo cliente.', 1, '2026-01-01 08:00:00', '2026-01-01 08:00:00', 2, 1),
(3, 'Livrinho de Colorir Stitch Aventura', 'Livrinho de Colorir Stitch Aventura com nome, idade, paleta de cores e arte aprovados pelo cliente.', 1, '2026-01-01 08:00:00', '2026-01-01 08:00:00', 3, 1),
(4, 'Balde de Pipoca Stitch Aventura', 'Balde de Pipoca Stitch Aventura com nome, idade, paleta de cores e arte aprovados pelo cliente.', 1, '2026-01-01 08:00:00', '2026-01-01 08:00:00', 4, 1),
(5, 'Copo Twister Stitch Aventura', 'Copo Twister Stitch Aventura com nome, idade, paleta de cores e arte aprovados pelo cliente.', 1, '2026-01-01 08:00:00', '2026-01-01 08:00:00', 5, 1),
(6, 'Mochilinha Angel Rosa', 'Mochilinha Angel Rosa com nome, idade, paleta de cores e arte aprovados pelo cliente.', 1, '2026-01-01 08:00:00', '2026-01-01 08:00:00', 1, 2),
(7, 'Bloquinho Angel Rosa', 'Bloquinho Angel Rosa com nome, idade, paleta de cores e arte aprovados pelo cliente.', 1, '2026-01-01 08:00:00', '2026-01-01 08:00:00', 2, 2),
(8, 'Livrinho de Colorir Angel Rosa', 'Livrinho de Colorir Angel Rosa com nome, idade, paleta de cores e arte aprovados pelo cliente.', 1, '2026-01-01 08:00:00', '2026-01-01 08:00:00', 3, 2),
(9, 'Balde de Pipoca Angel Rosa', 'Balde de Pipoca Angel Rosa com nome, idade, paleta de cores e arte aprovados pelo cliente.', 1, '2026-01-01 08:00:00', '2026-01-01 08:00:00', 4, 2),
(10, 'Copo Twister Angel Rosa', 'Copo Twister Angel Rosa com nome, idade, paleta de cores e arte aprovados pelo cliente.', 1, '2026-01-01 08:00:00', '2026-01-01 08:00:00', 5, 2),
(11, 'Mochilinha Bluey e Bingo', 'Mochilinha Bluey e Bingo com nome, idade, paleta de cores e arte aprovados pelo cliente.', 1, '2026-01-01 08:00:00', '2026-01-01 08:00:00', 1, 3),
(12, 'Bloquinho Bluey e Bingo', 'Bloquinho Bluey e Bingo com nome, idade, paleta de cores e arte aprovados pelo cliente.', 1, '2026-01-01 08:00:00', '2026-01-01 08:00:00', 2, 3),
(13, 'Livrinho de Colorir Bluey e Bingo', 'Livrinho de Colorir Bluey e Bingo com nome, idade, paleta de cores e arte aprovados pelo cliente.', 1, '2026-01-01 08:00:00', '2026-01-01 08:00:00', 3, 3),
(14, 'Balde de Pipoca Bluey e Bingo', 'Balde de Pipoca Bluey e Bingo com nome, idade, paleta de cores e arte aprovados pelo cliente.', 1, '2026-01-01 08:00:00', '2026-01-01 08:00:00', 4, 3),
(15, 'Copo Twister Bluey e Bingo', 'Copo Twister Bluey e Bingo com nome, idade, paleta de cores e arte aprovados pelo cliente.', 1, '2026-01-01 08:00:00', '2026-01-01 08:00:00', 5, 3),
(16, 'Mochilinha Fazendinha do Miguel', 'Mochilinha Fazendinha do Miguel com nome, idade, paleta de cores e arte aprovados pelo cliente.', 1, '2026-01-01 08:00:00', '2026-01-01 08:00:00', 1, 4),
(17, 'Bloquinho Fazendinha do Miguel', 'Bloquinho Fazendinha do Miguel com nome, idade, paleta de cores e arte aprovados pelo cliente.', 1, '2026-01-01 08:00:00', '2026-01-01 08:00:00', 2, 4),
(18, 'Livrinho de Colorir Fazendinha do Miguel', 'Livrinho de Colorir Fazendinha do Miguel com nome, idade, paleta de cores e arte aprovados pelo cliente.', 1, '2026-01-01 08:00:00', '2026-01-01 08:00:00', 3, 4),
(19, 'Balde de Pipoca Fazendinha do Miguel', 'Balde de Pipoca Fazendinha do Miguel com nome, idade, paleta de cores e arte aprovados pelo cliente.', 1, '2026-01-01 08:00:00', '2026-01-01 08:00:00', 4, 4),
(20, 'Copo Twister Fazendinha do Miguel', 'Copo Twister Fazendinha do Miguel com nome, idade, paleta de cores e arte aprovados pelo cliente.', 1, '2026-01-01 08:00:00', '2026-01-01 08:00:00', 5, 4),
(21, 'Mochilinha Bobbie Goods Fofo', 'Mochilinha Bobbie Goods Fofo com nome, idade, paleta de cores e arte aprovados pelo cliente.', 1, '2026-01-01 08:00:00', '2026-01-01 08:00:00', 1, 5),
(22, 'Bloquinho Bobbie Goods Fofo', 'Bloquinho Bobbie Goods Fofo com nome, idade, paleta de cores e arte aprovados pelo cliente.', 1, '2026-01-01 08:00:00', '2026-01-01 08:00:00', 2, 5),
(23, 'Livrinho de Colorir Bobbie Goods Fofo', 'Livrinho de Colorir Bobbie Goods Fofo com nome, idade, paleta de cores e arte aprovados pelo cliente.', 1, '2026-01-01 08:00:00', '2026-01-01 08:00:00', 3, 5),
(24, 'Balde de Pipoca Bobbie Goods Fofo', 'Balde de Pipoca Bobbie Goods Fofo com nome, idade, paleta de cores e arte aprovados pelo cliente.', 1, '2026-01-01 08:00:00', '2026-01-01 08:00:00', 4, 5),
(25, 'Copo Twister Bobbie Goods Fofo', 'Copo Twister Bobbie Goods Fofo com nome, idade, paleta de cores e arte aprovados pelo cliente.', 1, '2026-01-01 08:00:00', '2026-01-01 08:00:00', 5, 5),
(26, 'Mochilinha Sanrio Friends', 'Mochilinha Sanrio Friends com nome, idade, paleta de cores e arte aprovados pelo cliente.', 1, '2026-01-01 08:00:00', '2026-01-01 08:00:00', 1, 6),
(27, 'Bloquinho Sanrio Friends', 'Bloquinho Sanrio Friends com nome, idade, paleta de cores e arte aprovados pelo cliente.', 1, '2026-01-01 08:00:00', '2026-01-01 08:00:00', 2, 6),
(28, 'Livrinho de Colorir Sanrio Friends', 'Livrinho de Colorir Sanrio Friends com nome, idade, paleta de cores e arte aprovados pelo cliente.', 1, '2026-01-01 08:00:00', '2026-01-01 08:00:00', 3, 6),
(29, 'Balde de Pipoca Sanrio Friends', 'Balde de Pipoca Sanrio Friends com nome, idade, paleta de cores e arte aprovados pelo cliente.', 1, '2026-01-01 08:00:00', '2026-01-01 08:00:00', 4, 6),
(30, 'Copo Twister Sanrio Friends', 'Copo Twister Sanrio Friends com nome, idade, paleta de cores e arte aprovados pelo cliente.', 1, '2026-01-01 08:00:00', '2026-01-01 08:00:00', 5, 6),
(31, 'Mochilinha Ursinho Pooh Bosque', 'Mochilinha Ursinho Pooh Bosque com nome, idade, paleta de cores e arte aprovados pelo cliente.', 1, '2026-01-01 08:00:00', '2026-01-01 08:00:00', 1, 7),
(32, 'Bloquinho Ursinho Pooh Bosque', 'Bloquinho Ursinho Pooh Bosque com nome, idade, paleta de cores e arte aprovados pelo cliente.', 1, '2026-01-01 08:00:00', '2026-01-01 08:00:00', 2, 7),
(33, 'Livrinho de Colorir Ursinho Pooh Bosque', 'Livrinho de Colorir Ursinho Pooh Bosque com nome, idade, paleta de cores e arte aprovados pelo cliente.', 1, '2026-01-01 08:00:00', '2026-01-01 08:00:00', 3, 7),
(34, 'Balde de Pipoca Ursinho Pooh Bosque', 'Balde de Pipoca Ursinho Pooh Bosque com nome, idade, paleta de cores e arte aprovados pelo cliente.', 1, '2026-01-01 08:00:00', '2026-01-01 08:00:00', 4, 7),
(35, 'Copo Twister Ursinho Pooh Bosque', 'Copo Twister Ursinho Pooh Bosque com nome, idade, paleta de cores e arte aprovados pelo cliente.', 1, '2026-01-01 08:00:00', '2026-01-01 08:00:00', 5, 7),
(36, 'Mochilinha Cinnamoroll Azul', 'Mochilinha Cinnamoroll Azul com nome, idade, paleta de cores e arte aprovados pelo cliente.', 1, '2026-01-01 08:00:00', '2026-01-01 08:00:00', 1, 8),
(37, 'Bloquinho Cinnamoroll Azul', 'Bloquinho Cinnamoroll Azul com nome, idade, paleta de cores e arte aprovados pelo cliente.', 1, '2026-01-01 08:00:00', '2026-01-01 08:00:00', 2, 8),
(38, 'Livrinho de Colorir Cinnamoroll Azul', 'Livrinho de Colorir Cinnamoroll Azul com nome, idade, paleta de cores e arte aprovados pelo cliente.', 1, '2026-01-01 08:00:00', '2026-01-01 08:00:00', 3, 8),
(39, 'Balde de Pipoca Cinnamoroll Azul', 'Balde de Pipoca Cinnamoroll Azul com nome, idade, paleta de cores e arte aprovados pelo cliente.', 1, '2026-01-01 08:00:00', '2026-01-01 08:00:00', 4, 8),
(40, 'Copo Twister Cinnamoroll Azul', 'Copo Twister Cinnamoroll Azul com nome, idade, paleta de cores e arte aprovados pelo cliente.', 1, '2026-01-01 08:00:00', '2026-01-01 08:00:00', 5, 8),
(41, 'Mochilinha Festa Infantil Colorida', 'Mochilinha Festa Infantil Colorida com nome, idade, paleta de cores e arte aprovados pelo cliente.', 1, '2026-01-01 08:00:00', '2026-01-01 08:00:00', 1, 9),
(42, 'Bloquinho Festa Infantil Colorida', 'Bloquinho Festa Infantil Colorida com nome, idade, paleta de cores e arte aprovados pelo cliente.', 1, '2026-01-01 08:00:00', '2026-01-01 08:00:00', 2, 9),
(43, 'Livrinho de Colorir Festa Infantil Colorida', 'Livrinho de Colorir Festa Infantil Colorida com nome, idade, paleta de cores e arte aprovados pelo cliente.', 1, '2026-01-01 08:00:00', '2026-01-01 08:00:00', 3, 9),
(44, 'Balde de Pipoca Festa Infantil Colorida', 'Balde de Pipoca Festa Infantil Colorida com nome, idade, paleta de cores e arte aprovados pelo cliente.', 1, '2026-01-01 08:00:00', '2026-01-01 08:00:00', 4, 9),
(45, 'Copo Twister Festa Infantil Colorida', 'Copo Twister Festa Infantil Colorida com nome, idade, paleta de cores e arte aprovados pelo cliente.', 1, '2026-01-01 08:00:00', '2026-01-01 08:00:00', 5, 9),
(46, 'Mochilinha Safari Baby', 'Mochilinha Safari Baby com nome, idade, paleta de cores e arte aprovados pelo cliente.', 1, '2026-01-01 08:00:00', '2026-01-01 08:00:00', 1, 10),
(47, 'Bloquinho Safari Baby', 'Bloquinho Safari Baby com nome, idade, paleta de cores e arte aprovados pelo cliente.', 1, '2026-01-01 08:00:00', '2026-01-01 08:00:00', 2, 10),
(48, 'Livrinho de Colorir Safari Baby', 'Livrinho de Colorir Safari Baby com nome, idade, paleta de cores e arte aprovados pelo cliente.', 1, '2026-01-01 08:00:00', '2026-01-01 08:00:00', 3, 10),
(49, 'Balde de Pipoca Safari Baby', 'Balde de Pipoca Safari Baby com nome, idade, paleta de cores e arte aprovados pelo cliente.', 1, '2026-01-01 08:00:00', '2026-01-01 08:00:00', 4, 10),
(50, 'Copo Twister Safari Baby', 'Copo Twister Safari Baby com nome, idade, paleta de cores e arte aprovados pelo cliente.', 1, '2026-01-01 08:00:00', '2026-01-01 08:00:00', 5, 10),
(51, 'Mochilinha Princesas Delicadas', 'Mochilinha Princesas Delicadas com nome, idade, paleta de cores e arte aprovados pelo cliente.', 1, '2026-01-01 08:00:00', '2026-01-01 08:00:00', 1, 11),
(52, 'Bloquinho Princesas Delicadas', 'Bloquinho Princesas Delicadas com nome, idade, paleta de cores e arte aprovados pelo cliente.', 1, '2026-01-01 08:00:00', '2026-01-01 08:00:00', 2, 11),
(53, 'Livrinho de Colorir Princesas Delicadas', 'Livrinho de Colorir Princesas Delicadas com nome, idade, paleta de cores e arte aprovados pelo cliente.', 1, '2026-01-01 08:00:00', '2026-01-01 08:00:00', 3, 11),
(54, 'Balde de Pipoca Princesas Delicadas', 'Balde de Pipoca Princesas Delicadas com nome, idade, paleta de cores e arte aprovados pelo cliente.', 1, '2026-01-01 08:00:00', '2026-01-01 08:00:00', 4, 11),
(55, 'Bloquinho Casamento Floral', 'Bloquinho Casamento Floral com nome, idade, paleta de cores e arte aprovados pelo cliente.', 1, '2026-01-01 08:00:00', '2026-01-01 08:00:00', 2, 12),
(56, 'Copo Twister Casamento Floral', 'Copo Twister Casamento Floral com nome, idade, paleta de cores e arte aprovados pelo cliente.', 1, '2026-01-01 08:00:00', '2026-01-01 08:00:00', 5, 12),
(57, 'Kit Festa Basico Casamento Floral', 'Kit Festa Basico Casamento Floral com nome, idade, paleta de cores e arte aprovados pelo cliente.', 1, '2026-01-01 08:00:00', '2026-01-01 08:00:00', 6, 12),
(58, 'Tags e Adesivos Casamento Floral', 'Tags e Adesivos Casamento Floral com nome, idade, paleta de cores e arte aprovados pelo cliente.', 1, '2026-01-01 08:00:00', '2026-01-01 08:00:00', 12, 12),
(59, 'Bloquinho Cha de Bebe Neutro', 'Bloquinho Cha de Bebe Neutro com nome, idade, paleta de cores e arte aprovados pelo cliente.', 1, '2026-01-01 08:00:00', '2026-01-01 08:00:00', 2, 13),
(60, 'Copo Twister Cha de Bebe Neutro', 'Copo Twister Cha de Bebe Neutro com nome, idade, paleta de cores e arte aprovados pelo cliente.', 1, '2026-01-01 08:00:00', '2026-01-01 08:00:00', 5, 13),
(61, 'Kit Festa Basico Cha de Bebe Neutro', 'Kit Festa Basico Cha de Bebe Neutro com nome, idade, paleta de cores e arte aprovados pelo cliente.', 1, '2026-01-01 08:00:00', '2026-01-01 08:00:00', 6, 13),
(62, 'Caixinha Milk Cha de Bebe Neutro', 'Caixinha Milk Cha de Bebe Neutro com nome, idade, paleta de cores e arte aprovados pelo cliente.', 1, '2026-01-01 08:00:00', '2026-01-01 08:00:00', 10, 13),
(63, 'Bloquinho Identidade Corporativa', 'Bloquinho Identidade Corporativa com nome, idade, paleta de cores e arte aprovados pelo cliente.', 1, '2026-01-01 08:00:00', '2026-01-01 08:00:00', 2, 14),
(64, 'Copo Twister Identidade Corporativa', 'Copo Twister Identidade Corporativa com nome, idade, paleta de cores e arte aprovados pelo cliente.', 1, '2026-01-01 08:00:00', '2026-01-01 08:00:00', 5, 14),
(65, 'Kit Festa Basico Identidade Corporativa', 'Kit Festa Basico Identidade Corporativa com nome, idade, paleta de cores e arte aprovados pelo cliente.', 1, '2026-01-01 08:00:00', '2026-01-01 08:00:00', 6, 14),
(66, 'Tags e Adesivos Identidade Corporativa', 'Tags e Adesivos Identidade Corporativa com nome, idade, paleta de cores e arte aprovados pelo cliente.', 1, '2026-01-01 08:00:00', '2026-01-01 08:00:00', 12, 14),
(67, 'Caneca Identidade Corporativa', 'Caneca Identidade Corporativa com nome, idade, paleta de cores e arte aprovados pelo cliente.', 1, '2026-01-01 08:00:00', '2026-01-01 08:00:00', 14, 14),
(68, 'Mochilinha Volta as Aulas', 'Mochilinha Volta as Aulas com nome, idade, paleta de cores e arte aprovados pelo cliente.', 1, '2026-01-01 08:00:00', '2026-01-01 08:00:00', 1, 15),
(69, 'Bloquinho Volta as Aulas', 'Bloquinho Volta as Aulas com nome, idade, paleta de cores e arte aprovados pelo cliente.', 1, '2026-01-01 08:00:00', '2026-01-01 08:00:00', 2, 15),
(70, 'Livrinho de Colorir Volta as Aulas', 'Livrinho de Colorir Volta as Aulas com nome, idade, paleta de cores e arte aprovados pelo cliente.', 1, '2026-01-01 08:00:00', '2026-01-01 08:00:00', 3, 15),
(71, 'Tags e Adesivos Volta as Aulas', 'Tags e Adesivos Volta as Aulas com nome, idade, paleta de cores e arte aprovados pelo cliente.', 1, '2026-01-01 08:00:00', '2026-01-01 08:00:00', 12, 15),
(72, 'Sacola Kraft Volta as Aulas', 'Sacola Kraft Volta as Aulas com nome, idade, paleta de cores e arte aprovados pelo cliente.', 1, '2026-01-01 08:00:00', '2026-01-01 08:00:00', 15, 15),
(73, 'Bloquinho Formatura Escolar', 'Bloquinho Formatura Escolar com nome, idade, paleta de cores e arte aprovados pelo cliente.', 1, '2026-01-01 08:00:00', '2026-01-01 08:00:00', 2, 16),
(74, 'Copo Twister Formatura Escolar', 'Copo Twister Formatura Escolar com nome, idade, paleta de cores e arte aprovados pelo cliente.', 1, '2026-01-01 08:00:00', '2026-01-01 08:00:00', 5, 16),
(75, 'Kit Festa Basico Formatura Escolar', 'Kit Festa Basico Formatura Escolar com nome, idade, paleta de cores e arte aprovados pelo cliente.', 1, '2026-01-01 08:00:00', '2026-01-01 08:00:00', 6, 16),
(76, 'Tags e Adesivos Formatura Escolar', 'Tags e Adesivos Formatura Escolar com nome, idade, paleta de cores e arte aprovados pelo cliente.', 1, '2026-01-01 08:00:00', '2026-01-01 08:00:00', 12, 16),
(77, 'Bloquinho Dia das Maes Afetivo', 'Bloquinho Dia das Maes Afetivo com nome, idade, paleta de cores e arte aprovados pelo cliente.', 1, '2026-01-01 08:00:00', '2026-01-01 08:00:00', 2, 17),
(78, 'Copo Twister Dia das Maes Afetivo', 'Copo Twister Dia das Maes Afetivo com nome, idade, paleta de cores e arte aprovados pelo cliente.', 1, '2026-01-01 08:00:00', '2026-01-01 08:00:00', 5, 17),
(79, 'Kit Festa Basico Dia das Maes Afetivo', 'Kit Festa Basico Dia das Maes Afetivo com nome, idade, paleta de cores e arte aprovados pelo cliente.', 1, '2026-01-01 08:00:00', '2026-01-01 08:00:00', 6, 17),
(80, 'Caixinha Milk Dia das Maes Afetivo', 'Caixinha Milk Dia das Maes Afetivo com nome, idade, paleta de cores e arte aprovados pelo cliente.', 1, '2026-01-01 08:00:00', '2026-01-01 08:00:00', 10, 17),
(81, 'Bloquinho Evento Criativo', 'Bloquinho Evento Criativo com nome, idade, paleta de cores e arte aprovados pelo cliente.', 1, '2026-01-01 08:00:00', '2026-01-01 08:00:00', 2, 18),
(82, 'Copo Twister Evento Criativo', 'Copo Twister Evento Criativo com nome, idade, paleta de cores e arte aprovados pelo cliente.', 1, '2026-01-01 08:00:00', '2026-01-01 08:00:00', 5, 18),
(83, 'Kit Festa Basico Evento Criativo', 'Kit Festa Basico Evento Criativo com nome, idade, paleta de cores e arte aprovados pelo cliente.', 1, '2026-01-01 08:00:00', '2026-01-01 08:00:00', 6, 18),
(84, 'Tags e Adesivos Evento Criativo', 'Tags e Adesivos Evento Criativo com nome, idade, paleta de cores e arte aprovados pelo cliente.', 1, '2026-01-01 08:00:00', '2026-01-01 08:00:00', 12, 18),
(85, 'Tubete Stitch Aventura', 'Tubete Stitch Aventura com nome, idade, paleta de cores e arte aprovados pelo cliente.', 1, '2026-01-01 08:00:00', '2026-01-01 08:00:00', 9, 1);

INSERT INTO foto_produto (id, foto, produto_id, created_at, updated_at) VALUES
(1, '/uploads/produtos/1/produto_001.jpg', 1, '2026-01-01 08:00:00', '2026-01-01 08:00:00'),
(2, '/uploads/produtos/2/produto_002.jpg', 2, '2026-01-01 08:00:00', '2026-01-01 08:00:00'),
(3, '/uploads/produtos/3/produto_003.jpg', 3, '2026-01-01 08:00:00', '2026-01-01 08:00:00'),
(4, '/uploads/produtos/4/produto_004.jpg', 4, '2026-01-01 08:00:00', '2026-01-01 08:00:00'),
(5, '/uploads/produtos/5/produto_005.jpg', 5, '2026-01-01 08:00:00', '2026-01-01 08:00:00'),
(6, '/uploads/produtos/6/produto_006.jpg', 6, '2026-01-01 08:00:00', '2026-01-01 08:00:00'),
(7, '/uploads/produtos/7/produto_007.jpg', 7, '2026-01-01 08:00:00', '2026-01-01 08:00:00'),
(8, '/uploads/produtos/8/produto_008.jpg', 8, '2026-01-01 08:00:00', '2026-01-01 08:00:00'),
(9, '/uploads/produtos/9/produto_009.jpg', 9, '2026-01-01 08:00:00', '2026-01-01 08:00:00'),
(10, '/uploads/produtos/10/produto_010.jpg', 10, '2026-01-01 08:00:00', '2026-01-01 08:00:00'),
(11, '/uploads/produtos/11/produto_011.jpg', 11, '2026-01-01 08:00:00', '2026-01-01 08:00:00'),
(12, '/uploads/produtos/12/produto_012.jpg', 12, '2026-01-01 08:00:00', '2026-01-01 08:00:00'),
(13, '/uploads/produtos/13/produto_013.jpg', 13, '2026-01-01 08:00:00', '2026-01-01 08:00:00'),
(14, '/uploads/produtos/14/produto_014.jpg', 14, '2026-01-01 08:00:00', '2026-01-01 08:00:00'),
(15, '/uploads/produtos/15/produto_015.jpg', 15, '2026-01-01 08:00:00', '2026-01-01 08:00:00'),
(16, '/uploads/produtos/16/produto_016.jpg', 16, '2026-01-01 08:00:00', '2026-01-01 08:00:00'),
(17, '/uploads/produtos/17/produto_017.jpg', 17, '2026-01-01 08:00:00', '2026-01-01 08:00:00'),
(18, '/uploads/produtos/18/produto_018.jpg', 18, '2026-01-01 08:00:00', '2026-01-01 08:00:00'),
(19, '/uploads/produtos/19/produto_019.jpg', 19, '2026-01-01 08:00:00', '2026-01-01 08:00:00'),
(20, '/uploads/produtos/20/produto_020.jpg', 20, '2026-01-01 08:00:00', '2026-01-01 08:00:00'),
(21, '/uploads/produtos/21/produto_021.jpg', 21, '2026-01-01 08:00:00', '2026-01-01 08:00:00'),
(22, '/uploads/produtos/22/produto_022.jpg', 22, '2026-01-01 08:00:00', '2026-01-01 08:00:00'),
(23, '/uploads/produtos/23/produto_023.jpg', 23, '2026-01-01 08:00:00', '2026-01-01 08:00:00'),
(24, '/uploads/produtos/24/produto_024.jpg', 24, '2026-01-01 08:00:00', '2026-01-01 08:00:00'),
(25, '/uploads/produtos/25/produto_025.jpg', 25, '2026-01-01 08:00:00', '2026-01-01 08:00:00'),
(26, '/uploads/produtos/26/produto_026.jpg', 26, '2026-01-01 08:00:00', '2026-01-01 08:00:00'),
(27, '/uploads/produtos/27/produto_027.jpg', 27, '2026-01-01 08:00:00', '2026-01-01 08:00:00'),
(28, '/uploads/produtos/28/produto_028.jpg', 28, '2026-01-01 08:00:00', '2026-01-01 08:00:00'),
(29, '/uploads/produtos/29/produto_029.jpg', 29, '2026-01-01 08:00:00', '2026-01-01 08:00:00'),
(30, '/uploads/produtos/30/produto_030.jpg', 30, '2026-01-01 08:00:00', '2026-01-01 08:00:00'),
(31, '/uploads/produtos/31/produto_031.jpg', 31, '2026-01-01 08:00:00', '2026-01-01 08:00:00'),
(32, '/uploads/produtos/32/produto_032.jpg', 32, '2026-01-01 08:00:00', '2026-01-01 08:00:00'),
(33, '/uploads/produtos/33/produto_033.jpg', 33, '2026-01-01 08:00:00', '2026-01-01 08:00:00'),
(34, '/uploads/produtos/34/produto_034.jpg', 34, '2026-01-01 08:00:00', '2026-01-01 08:00:00'),
(35, '/uploads/produtos/35/produto_035.jpg', 35, '2026-01-01 08:00:00', '2026-01-01 08:00:00'),
(36, '/uploads/produtos/36/produto_036.jpg', 36, '2026-01-01 08:00:00', '2026-01-01 08:00:00'),
(37, '/uploads/produtos/37/produto_037.jpg', 37, '2026-01-01 08:00:00', '2026-01-01 08:00:00'),
(38, '/uploads/produtos/38/produto_038.jpg', 38, '2026-01-01 08:00:00', '2026-01-01 08:00:00'),
(39, '/uploads/produtos/39/produto_039.jpg', 39, '2026-01-01 08:00:00', '2026-01-01 08:00:00'),
(40, '/uploads/produtos/40/produto_040.jpg', 40, '2026-01-01 08:00:00', '2026-01-01 08:00:00'),
(41, '/uploads/produtos/41/produto_041.jpg', 41, '2026-01-01 08:00:00', '2026-01-01 08:00:00'),
(42, '/uploads/produtos/42/produto_042.jpg', 42, '2026-01-01 08:00:00', '2026-01-01 08:00:00'),
(43, '/uploads/produtos/43/produto_043.jpg', 43, '2026-01-01 08:00:00', '2026-01-01 08:00:00'),
(44, '/uploads/produtos/44/produto_044.jpg', 44, '2026-01-01 08:00:00', '2026-01-01 08:00:00'),
(45, '/uploads/produtos/45/produto_045.jpg', 45, '2026-01-01 08:00:00', '2026-01-01 08:00:00'),
(46, '/uploads/produtos/46/produto_046.jpg', 46, '2026-01-01 08:00:00', '2026-01-01 08:00:00'),
(47, '/uploads/produtos/47/produto_047.jpg', 47, '2026-01-01 08:00:00', '2026-01-01 08:00:00'),
(48, '/uploads/produtos/48/produto_048.jpg', 48, '2026-01-01 08:00:00', '2026-01-01 08:00:00'),
(49, '/uploads/produtos/49/produto_049.jpg', 49, '2026-01-01 08:00:00', '2026-01-01 08:00:00'),
(50, '/uploads/produtos/50/produto_050.jpg', 50, '2026-01-01 08:00:00', '2026-01-01 08:00:00'),
(51, '/uploads/produtos/51/produto_051.jpg', 51, '2026-01-01 08:00:00', '2026-01-01 08:00:00'),
(52, '/uploads/produtos/52/produto_052.jpg', 52, '2026-01-01 08:00:00', '2026-01-01 08:00:00'),
(53, '/uploads/produtos/53/produto_053.jpg', 53, '2026-01-01 08:00:00', '2026-01-01 08:00:00'),
(54, '/uploads/produtos/54/produto_054.jpg', 54, '2026-01-01 08:00:00', '2026-01-01 08:00:00'),
(55, '/uploads/produtos/55/produto_055.jpg', 55, '2026-01-01 08:00:00', '2026-01-01 08:00:00'),
(56, '/uploads/produtos/56/produto_056.jpg', 56, '2026-01-01 08:00:00', '2026-01-01 08:00:00'),
(57, '/uploads/produtos/57/produto_057.jpg', 57, '2026-01-01 08:00:00', '2026-01-01 08:00:00'),
(58, '/uploads/produtos/58/produto_058.jpg', 58, '2026-01-01 08:00:00', '2026-01-01 08:00:00'),
(59, '/uploads/produtos/59/produto_059.jpg', 59, '2026-01-01 08:00:00', '2026-01-01 08:00:00'),
(60, '/uploads/produtos/60/produto_060.jpg', 60, '2026-01-01 08:00:00', '2026-01-01 08:00:00'),
(61, '/uploads/produtos/61/produto_061.jpg', 61, '2026-01-01 08:00:00', '2026-01-01 08:00:00'),
(62, '/uploads/produtos/62/produto_062.jpg', 62, '2026-01-01 08:00:00', '2026-01-01 08:00:00'),
(63, '/uploads/produtos/63/produto_063.jpg', 63, '2026-01-01 08:00:00', '2026-01-01 08:00:00'),
(64, '/uploads/produtos/64/produto_064.jpg', 64, '2026-01-01 08:00:00', '2026-01-01 08:00:00'),
(65, '/uploads/produtos/65/produto_065.jpg', 65, '2026-01-01 08:00:00', '2026-01-01 08:00:00'),
(66, '/uploads/produtos/66/produto_066.jpg', 66, '2026-01-01 08:00:00', '2026-01-01 08:00:00'),
(67, '/uploads/produtos/67/produto_067.jpg', 67, '2026-01-01 08:00:00', '2026-01-01 08:00:00'),
(68, '/uploads/produtos/68/produto_068.jpg', 68, '2026-01-01 08:00:00', '2026-01-01 08:00:00'),
(69, '/uploads/produtos/69/produto_069.jpg', 69, '2026-01-01 08:00:00', '2026-01-01 08:00:00'),
(70, '/uploads/produtos/70/produto_070.jpg', 70, '2026-01-01 08:00:00', '2026-01-01 08:00:00'),
(71, '/uploads/produtos/71/produto_071.jpg', 71, '2026-01-01 08:00:00', '2026-01-01 08:00:00'),
(72, '/uploads/produtos/72/produto_072.jpg', 72, '2026-01-01 08:00:00', '2026-01-01 08:00:00'),
(73, '/uploads/produtos/73/produto_073.jpg', 73, '2026-01-01 08:00:00', '2026-01-01 08:00:00'),
(74, '/uploads/produtos/74/produto_074.jpg', 74, '2026-01-01 08:00:00', '2026-01-01 08:00:00'),
(75, '/uploads/produtos/75/produto_075.jpg', 75, '2026-01-01 08:00:00', '2026-01-01 08:00:00'),
(76, '/uploads/produtos/76/produto_076.jpg', 76, '2026-01-01 08:00:00', '2026-01-01 08:00:00'),
(77, '/uploads/produtos/77/produto_077.jpg', 77, '2026-01-01 08:00:00', '2026-01-01 08:00:00'),
(78, '/uploads/produtos/78/produto_078.jpg', 78, '2026-01-01 08:00:00', '2026-01-01 08:00:00'),
(79, '/uploads/produtos/79/produto_079.jpg', 79, '2026-01-01 08:00:00', '2026-01-01 08:00:00'),
(80, '/uploads/produtos/80/produto_080.jpg', 80, '2026-01-01 08:00:00', '2026-01-01 08:00:00'),
(81, '/uploads/produtos/81/produto_081.jpg', 81, '2026-01-01 08:00:00', '2026-01-01 08:00:00'),
(82, '/uploads/produtos/82/produto_082.jpg', 82, '2026-01-01 08:00:00', '2026-01-01 08:00:00'),
(83, '/uploads/produtos/83/produto_083.jpg', 83, '2026-01-01 08:00:00', '2026-01-01 08:00:00'),
(84, '/uploads/produtos/84/produto_084.jpg', 84, '2026-01-01 08:00:00', '2026-01-01 08:00:00'),
(85, '/uploads/produtos/85/produto_085.jpg', 85, '2026-01-01 08:00:00', '2026-01-01 08:00:00');

INSERT INTO cliente (id, nome, telefone, ativo, created_at, updated_at) VALUES
(1, 'Mariana Souza', '11987000001', 1, '2025-12-18 09:00:00', '2025-12-18 09:00:00'),
(2, 'Rafael Almeida', '11987000002', 1, '2025-12-21 09:00:00', '2025-12-21 09:00:00'),
(3, 'Camila Torres', '11987000003', 1, '2025-12-24 09:00:00', '2025-12-24 09:00:00'),
(4, 'Felipe Martins', '11987000004', 1, '2025-12-27 09:00:00', '2025-12-27 09:00:00'),
(5, 'Juliana Ribeiro', '11987000005', 1, '2025-12-30 09:00:00', '2025-12-30 09:00:00'),
(6, 'Thiago Costa', '11987000006', 1, '2026-01-02 09:00:00', '2026-01-02 09:00:00'),
(7, 'Larissa Nogueira', '11987000007', 1, '2026-01-05 09:00:00', '2026-01-05 09:00:00'),
(8, 'Bruno Carvalho', '11987000008', 1, '2026-01-08 09:00:00', '2026-01-08 09:00:00'),
(9, 'Aline Ferreira', '11987000009', 1, '2026-01-11 09:00:00', '2026-01-11 09:00:00'),
(10, 'Gustavo Lima', '11987000010', 1, '2026-01-14 09:00:00', '2026-01-14 09:00:00'),
(11, 'Patricia Gomes', '11987000011', 1, '2026-01-17 09:00:00', '2026-01-17 09:00:00'),
(12, 'Vinicius Barros', '11987000012', 1, '2026-01-20 09:00:00', '2026-01-20 09:00:00'),
(13, 'Beatriz Menezes', '11987000013', 1, '2026-01-23 09:00:00', '2026-01-23 09:00:00'),
(14, 'Renato Pires', '11987000014', 1, '2026-01-26 09:00:00', '2026-01-26 09:00:00'),
(15, 'Fernanda Oliveira', '11987000015', 1, '2026-01-29 09:00:00', '2026-01-29 09:00:00'),
(16, 'Lucas Azevedo', '11987000016', 1, '2026-02-01 09:00:00', '2026-02-01 09:00:00'),
(17, 'Natalia Freitas', '11987000017', 1, '2026-02-04 09:00:00', '2026-02-04 09:00:00'),
(18, 'Eduardo Rocha', '11987000018', 1, '2026-02-07 09:00:00', '2026-02-07 09:00:00'),
(19, 'Carolina Duarte', '11987000019', 1, '2026-02-10 09:00:00', '2026-02-10 09:00:00'),
(20, 'Andre Moura', '11987000020', 1, '2026-02-13 09:00:00', '2026-02-13 09:00:00'),
(21, 'Paula Siqueira', '11987000021', 1, '2026-02-16 09:00:00', '2026-02-16 09:00:00'),
(22, 'Leonardo Cunha', '11987000022', 1, '2026-02-19 09:00:00', '2026-02-19 09:00:00'),
(23, 'Vanessa Batista', '11987000023', 1, '2026-02-22 09:00:00', '2026-02-22 09:00:00'),
(24, 'Rodrigo Teles', '11987000024', 1, '2026-02-25 09:00:00', '2026-02-25 09:00:00'),
(25, 'Isabela Cardoso', '11987000025', 1, '2026-02-28 09:00:00', '2026-02-28 09:00:00'),
(26, 'Henrique Farias', '11987000026', 1, '2026-03-03 09:00:00', '2026-03-03 09:00:00'),
(27, 'Sabrina Teixeira', '11987000027', 1, '2026-03-06 09:00:00', '2026-03-06 09:00:00'),
(28, 'Marcio Vieira', '11987000028', 1, '2026-03-09 09:00:00', '2026-03-09 09:00:00'),
(29, 'Tatiane Lopes', '11987000029', 1, '2026-03-12 09:00:00', '2026-03-12 09:00:00'),
(30, 'Daniela Campos', '11987000030', 1, '2026-03-15 09:00:00', '2026-03-15 09:00:00'),
(31, 'Priscila Amaral', '11987000031', 1, '2026-03-18 09:00:00', '2026-03-18 09:00:00'),
(32, 'Fabio Moreira', '11987000032', 1, '2026-03-21 09:00:00', '2026-03-21 09:00:00'),
(33, 'Monica Reis', '11987000033', 1, '2026-03-24 09:00:00', '2026-03-24 09:00:00'),
(34, 'Diego Santana', '11987000034', 1, '2026-03-27 09:00:00', '2026-03-27 09:00:00'),
(35, 'Bianca Nascimento', '11987000035', 1, '2026-03-30 09:00:00', '2026-03-30 09:00:00'),
(36, 'Erika Matos', '11987000036', 1, '2026-04-02 09:00:00', '2026-04-02 09:00:00'),
(37, 'Simone Prado', '11987000037', 1, '2026-04-05 09:00:00', '2026-04-05 09:00:00'),
(38, 'Daniel Reis', '11987000038', 1, '2026-04-08 09:00:00', '2026-04-08 09:00:00'),
(39, 'Claudia Martins', '11987000039', 1, '2026-04-11 09:00:00', '2026-04-11 09:00:00'),
(40, 'Helena Pacheco', '11987000040', 1, '2026-04-14 09:00:00', '2026-04-14 09:00:00'),
(41, 'Colegio Jardim das Letras', '11987000041', 1, '2026-04-17 09:00:00', '2026-04-17 09:00:00'),
(42, 'Escola Primeiros Passos', '11987000042', 1, '2026-04-20 09:00:00', '2026-04-20 09:00:00'),
(43, 'Buffet Reino Encantado', '11987000043', 1, '2026-04-23 09:00:00', '2026-04-23 09:00:00'),
(44, 'Clinica Bem Viver', '11987000044', 1, '2026-04-26 09:00:00', '2026-04-26 09:00:00'),
(45, 'Studio Bella Noivas', '11987000045', 1, '2026-04-29 09:00:00', '2026-04-29 09:00:00'),
(46, 'Doces da Lari', '11987000046', 1, '2026-05-02 09:00:00', '2026-05-02 09:00:00'),
(47, 'Papelaria Ponto Criativo', '11987000047', 1, '2026-05-05 09:00:00', '2026-05-05 09:00:00'),
(48, 'Boutique Aurora Kids', '11987000048', 1, '2026-05-08 09:00:00', '2026-05-08 09:00:00'),
(49, 'Condominio Vista Verde', '11987000049', 1, '2026-05-11 09:00:00', '2026-05-11 09:00:00'),
(50, 'RH Solucoes Humanas', '11987000050', 1, '2025-12-15 09:00:00', '2025-12-15 09:00:00'),
(51, 'Igreja Sao Jose - Pastoral', '11987000051', 1, '2025-12-18 09:00:00', '2025-12-18 09:00:00'),
(52, 'Atelie Manu Festas', '11987000052', 1, '2025-12-21 09:00:00', '2025-12-21 09:00:00');

INSERT INTO endereco_cliente (id, cep, logradouro, num_logradouro, complemento, bairro, cidade, municipio, estado, uf, ativo, created_at, updated_at, cliente_id) VALUES
(1, '03164-000', 'Rua das Acacias', '87', NULL, 'Mooca', 'Sao Paulo', 'Sao Paulo', 'Sao Paulo', 'SP', 1, '2026-01-02 09:00:00', '2026-01-02 09:00:00', 1),
(2, '01310-100', 'Avenida Paulista', '94', NULL, 'Bela Vista', 'Sao Paulo', 'Sao Paulo', 'Sao Paulo', 'SP', 1, '2026-01-03 09:00:00', '2026-01-03 09:00:00', 2),
(3, '04101-300', 'Rua Vergueiro', '101', NULL, 'Vila Mariana', 'Sao Paulo', 'Sao Paulo', 'Sao Paulo', 'SP', 1, '2026-01-04 09:00:00', '2026-01-04 09:00:00', 3),
(4, '05422-000', 'Rua dos Pinheiros', '108', 'Sala 5', 'Pinheiros', 'Sao Paulo', 'Sao Paulo', 'Sao Paulo', 'SP', 1, '2026-01-05 09:00:00', '2026-01-05 09:00:00', 4),
(5, '03309-000', 'Rua Serra de Japi', '115', NULL, 'Tatuape', 'Sao Paulo', 'Sao Paulo', 'Sao Paulo', 'SP', 1, '2026-01-06 09:00:00', '2026-01-06 09:00:00', 5),
(6, '04046-000', 'Avenida Jabaquara', '122', NULL, 'Saude', 'Sao Paulo', 'Sao Paulo', 'Sao Paulo', 'SP', 1, '2026-01-07 09:00:00', '2026-01-07 09:00:00', 6),
(7, '05042-000', 'Rua Clelia', '129', NULL, 'Lapa', 'Sao Paulo', 'Sao Paulo', 'Sao Paulo', 'SP', 1, '2026-01-08 09:00:00', '2026-01-08 09:00:00', 7),
(8, '04511-001', 'Rua Afonso Braz', '136', 'Sala 9', 'Vila Nova Conceicao', 'Sao Paulo', 'Sao Paulo', 'Sao Paulo', 'SP', 1, '2026-01-09 09:00:00', '2026-01-09 09:00:00', 8),
(9, '04602-001', 'Rua Barao do Triunfo', '143', NULL, 'Brooklin', 'Sao Paulo', 'Sao Paulo', 'Sao Paulo', 'SP', 1, '2026-01-10 09:00:00', '2026-01-10 09:00:00', 9),
(10, '02330-000', 'Avenida Nova Cantareira', '150', NULL, 'Tucuruvi', 'Sao Paulo', 'Sao Paulo', 'Sao Paulo', 'SP', 1, '2026-01-11 09:00:00', '2026-01-11 09:00:00', 10),
(11, '03164-000', 'Rua das Acacias', '157', NULL, 'Mooca', 'Sao Paulo', 'Sao Paulo', 'Sao Paulo', 'SP', 1, '2026-01-12 09:00:00', '2026-01-12 09:00:00', 11),
(12, '01310-100', 'Avenida Paulista', '164', 'Sala 1', 'Bela Vista', 'Sao Paulo', 'Sao Paulo', 'Sao Paulo', 'SP', 1, '2026-01-13 09:00:00', '2026-01-13 09:00:00', 12),
(13, '04101-300', 'Rua Vergueiro', '171', NULL, 'Vila Mariana', 'Sao Paulo', 'Sao Paulo', 'Sao Paulo', 'SP', 1, '2026-01-14 09:00:00', '2026-01-14 09:00:00', 13),
(14, '05422-000', 'Rua dos Pinheiros', '178', NULL, 'Pinheiros', 'Sao Paulo', 'Sao Paulo', 'Sao Paulo', 'SP', 1, '2026-01-15 09:00:00', '2026-01-15 09:00:00', 14),
(15, '03309-000', 'Rua Serra de Japi', '185', NULL, 'Tatuape', 'Sao Paulo', 'Sao Paulo', 'Sao Paulo', 'SP', 1, '2026-01-16 09:00:00', '2026-01-16 09:00:00', 15),
(16, '04046-000', 'Avenida Jabaquara', '192', 'Sala 5', 'Saude', 'Sao Paulo', 'Sao Paulo', 'Sao Paulo', 'SP', 1, '2026-01-17 09:00:00', '2026-01-17 09:00:00', 16),
(17, '05042-000', 'Rua Clelia', '199', NULL, 'Lapa', 'Sao Paulo', 'Sao Paulo', 'Sao Paulo', 'SP', 1, '2026-01-18 09:00:00', '2026-01-18 09:00:00', 17),
(18, '04511-001', 'Rua Afonso Braz', '206', NULL, 'Vila Nova Conceicao', 'Sao Paulo', 'Sao Paulo', 'Sao Paulo', 'SP', 1, '2026-01-19 09:00:00', '2026-01-19 09:00:00', 18),
(19, '04602-001', 'Rua Barao do Triunfo', '213', NULL, 'Brooklin', 'Sao Paulo', 'Sao Paulo', 'Sao Paulo', 'SP', 1, '2026-01-20 09:00:00', '2026-01-20 09:00:00', 19),
(20, '02330-000', 'Avenida Nova Cantareira', '220', 'Sala 9', 'Tucuruvi', 'Sao Paulo', 'Sao Paulo', 'Sao Paulo', 'SP', 1, '2026-01-21 09:00:00', '2026-01-21 09:00:00', 20),
(21, '03164-000', 'Rua das Acacias', '227', NULL, 'Mooca', 'Sao Paulo', 'Sao Paulo', 'Sao Paulo', 'SP', 1, '2026-01-22 09:00:00', '2026-01-22 09:00:00', 21),
(22, '01310-100', 'Avenida Paulista', '234', NULL, 'Bela Vista', 'Sao Paulo', 'Sao Paulo', 'Sao Paulo', 'SP', 1, '2026-01-23 09:00:00', '2026-01-23 09:00:00', 22),
(23, '04101-300', 'Rua Vergueiro', '241', NULL, 'Vila Mariana', 'Sao Paulo', 'Sao Paulo', 'Sao Paulo', 'SP', 1, '2026-01-24 09:00:00', '2026-01-24 09:00:00', 23),
(24, '05422-000', 'Rua dos Pinheiros', '248', 'Sala 1', 'Pinheiros', 'Sao Paulo', 'Sao Paulo', 'Sao Paulo', 'SP', 1, '2026-01-25 09:00:00', '2026-01-25 09:00:00', 24),
(25, '03309-000', 'Rua Serra de Japi', '255', NULL, 'Tatuape', 'Sao Paulo', 'Sao Paulo', 'Sao Paulo', 'SP', 1, '2026-01-26 09:00:00', '2026-01-26 09:00:00', 25),
(26, '04046-000', 'Avenida Jabaquara', '262', NULL, 'Saude', 'Sao Paulo', 'Sao Paulo', 'Sao Paulo', 'SP', 1, '2026-01-27 09:00:00', '2026-01-27 09:00:00', 26),
(27, '05042-000', 'Rua Clelia', '269', NULL, 'Lapa', 'Sao Paulo', 'Sao Paulo', 'Sao Paulo', 'SP', 1, '2026-01-28 09:00:00', '2026-01-28 09:00:00', 27),
(28, '04511-001', 'Rua Afonso Braz', '276', 'Sala 5', 'Vila Nova Conceicao', 'Sao Paulo', 'Sao Paulo', 'Sao Paulo', 'SP', 1, '2026-01-29 09:00:00', '2026-01-29 09:00:00', 28),
(29, '04602-001', 'Rua Barao do Triunfo', '283', NULL, 'Brooklin', 'Sao Paulo', 'Sao Paulo', 'Sao Paulo', 'SP', 1, '2026-01-30 09:00:00', '2026-01-30 09:00:00', 29),
(30, '02330-000', 'Avenida Nova Cantareira', '290', NULL, 'Tucuruvi', 'Sao Paulo', 'Sao Paulo', 'Sao Paulo', 'SP', 1, '2026-01-31 09:00:00', '2026-01-31 09:00:00', 30),
(31, '03164-000', 'Rua das Acacias', '297', NULL, 'Mooca', 'Sao Paulo', 'Sao Paulo', 'Sao Paulo', 'SP', 1, '2026-02-01 09:00:00', '2026-02-01 09:00:00', 31),
(32, '01310-100', 'Avenida Paulista', '304', 'Sala 9', 'Bela Vista', 'Sao Paulo', 'Sao Paulo', 'Sao Paulo', 'SP', 1, '2026-02-02 09:00:00', '2026-02-02 09:00:00', 32),
(33, '04101-300', 'Rua Vergueiro', '311', NULL, 'Vila Mariana', 'Sao Paulo', 'Sao Paulo', 'Sao Paulo', 'SP', 1, '2026-02-03 09:00:00', '2026-02-03 09:00:00', 33),
(34, '05422-000', 'Rua dos Pinheiros', '318', NULL, 'Pinheiros', 'Sao Paulo', 'Sao Paulo', 'Sao Paulo', 'SP', 1, '2026-02-04 09:00:00', '2026-02-04 09:00:00', 34),
(35, '03309-000', 'Rua Serra de Japi', '325', NULL, 'Tatuape', 'Sao Paulo', 'Sao Paulo', 'Sao Paulo', 'SP', 1, '2026-02-05 09:00:00', '2026-02-05 09:00:00', 35),
(36, '04046-000', 'Avenida Jabaquara', '332', 'Sala 1', 'Saude', 'Sao Paulo', 'Sao Paulo', 'Sao Paulo', 'SP', 1, '2026-02-06 09:00:00', '2026-02-06 09:00:00', 36),
(37, '05042-000', 'Rua Clelia', '339', NULL, 'Lapa', 'Sao Paulo', 'Sao Paulo', 'Sao Paulo', 'SP', 1, '2026-02-07 09:00:00', '2026-02-07 09:00:00', 37),
(38, '04511-001', 'Rua Afonso Braz', '346', NULL, 'Vila Nova Conceicao', 'Sao Paulo', 'Sao Paulo', 'Sao Paulo', 'SP', 1, '2026-02-08 09:00:00', '2026-02-08 09:00:00', 38),
(39, '04602-001', 'Rua Barao do Triunfo', '353', NULL, 'Brooklin', 'Sao Paulo', 'Sao Paulo', 'Sao Paulo', 'SP', 1, '2026-02-09 09:00:00', '2026-02-09 09:00:00', 39),
(40, '02330-000', 'Avenida Nova Cantareira', '360', 'Sala 5', 'Tucuruvi', 'Sao Paulo', 'Sao Paulo', 'Sao Paulo', 'SP', 1, '2026-02-10 09:00:00', '2026-02-10 09:00:00', 40),
(41, '03164-000', 'Rua das Acacias', '367', NULL, 'Mooca', 'Sao Paulo', 'Sao Paulo', 'Sao Paulo', 'SP', 1, '2026-02-11 09:00:00', '2026-02-11 09:00:00', 41),
(42, '01310-100', 'Avenida Paulista', '374', NULL, 'Bela Vista', 'Sao Paulo', 'Sao Paulo', 'Sao Paulo', 'SP', 1, '2026-02-12 09:00:00', '2026-02-12 09:00:00', 42),
(43, '04101-300', 'Rua Vergueiro', '381', NULL, 'Vila Mariana', 'Sao Paulo', 'Sao Paulo', 'Sao Paulo', 'SP', 1, '2026-02-13 09:00:00', '2026-02-13 09:00:00', 43),
(44, '05422-000', 'Rua dos Pinheiros', '388', 'Sala 9', 'Pinheiros', 'Sao Paulo', 'Sao Paulo', 'Sao Paulo', 'SP', 1, '2026-02-14 09:00:00', '2026-02-14 09:00:00', 44),
(45, '03309-000', 'Rua Serra de Japi', '395', NULL, 'Tatuape', 'Sao Paulo', 'Sao Paulo', 'Sao Paulo', 'SP', 1, '2026-02-15 09:00:00', '2026-02-15 09:00:00', 45),
(46, '04046-000', 'Avenida Jabaquara', '402', NULL, 'Saude', 'Sao Paulo', 'Sao Paulo', 'Sao Paulo', 'SP', 1, '2026-02-16 09:00:00', '2026-02-16 09:00:00', 46),
(47, '05042-000', 'Rua Clelia', '409', NULL, 'Lapa', 'Sao Paulo', 'Sao Paulo', 'Sao Paulo', 'SP', 1, '2026-02-17 09:00:00', '2026-02-17 09:00:00', 47),
(48, '04511-001', 'Rua Afonso Braz', '416', 'Sala 1', 'Vila Nova Conceicao', 'Sao Paulo', 'Sao Paulo', 'Sao Paulo', 'SP', 1, '2026-02-18 09:00:00', '2026-02-18 09:00:00', 48),
(49, '04602-001', 'Rua Barao do Triunfo', '423', NULL, 'Brooklin', 'Sao Paulo', 'Sao Paulo', 'Sao Paulo', 'SP', 1, '2026-02-19 09:00:00', '2026-02-19 09:00:00', 49),
(50, '02330-000', 'Avenida Nova Cantareira', '430', NULL, 'Tucuruvi', 'Sao Paulo', 'Sao Paulo', 'Sao Paulo', 'SP', 1, '2026-02-20 09:00:00', '2026-02-20 09:00:00', 50),
(51, '03164-000', 'Rua das Acacias', '437', NULL, 'Mooca', 'Sao Paulo', 'Sao Paulo', 'Sao Paulo', 'SP', 1, '2026-02-21 09:00:00', '2026-02-21 09:00:00', 51),
(52, '01310-100', 'Avenida Paulista', '444', 'Sala 5', 'Bela Vista', 'Sao Paulo', 'Sao Paulo', 'Sao Paulo', 'SP', 1, '2026-02-22 09:00:00', '2026-02-22 09:00:00', 52);

INSERT INTO pedido (id, origem, observacoes, preco_total, peso_total, data_limite, ativo, created_at, updated_at, cliente_id, usuario_id) VALUES
(1, 'Indicacao', 'Brinde para equipe em evento interno', 12.90, 0.09, '2026-01-14 16:20:00', 1, '2026-01-07 16:20:00', '2026-01-12 16:20:00', 9, 5),
(2, 'WhatsApp', 'Personalizacao com nome e idade', 312.35, 1.23, '2026-01-25 14:35:00', 1, '2026-01-14 14:35:00', '2026-01-19 14:35:00', 48, 2),
(3, 'WhatsApp', 'Kit montado para mesa de doces', 23.65, 0.10, '2026-01-28 15:20:00', 1, '2026-01-20 15:20:00', '2026-01-20 15:20:00', 38, 3),
(4, 'Instagram', 'Pedido para lembrancinhas de escola', 1039.18, 4.13, '2026-02-02 10:10:00', 1, '2026-01-25 10:10:00', '2026-01-27 10:10:00', 41, 1),
(5, 'WhatsApp', 'Personalizacao com nome e idade', 11.90, 0.07, '2026-01-16 14:00:00', 1, '2026-01-04 14:00:00', '2026-01-04 14:00:00', 9, 4),
(6, 'WhatsApp', 'Pedido para festa infantil no fim de semana', 783.80, 2.92, '2026-01-13 16:20:00', 1, '2026-01-08 16:20:00', '2026-01-11 16:20:00', 16, 4),
(7, 'Site', 'Pedido para lembrancinhas de escola', 170.55, 0.67, '2026-01-23 11:35:00', 1, '2026-01-17 11:35:00', '2026-01-17 11:35:00', 4, 1),
(8, 'Instagram', 'Pedido para festa infantil no fim de semana', 74.70, 0.29, '2026-02-01 11:45:00', 1, '2026-01-22 11:45:00', '2026-01-27 11:45:00', 6, 2),
(9, 'Instagram', 'Entrega via motoboy agendada', 23.65, 0.10, '2026-01-07 15:10:00', 1, '2026-01-01 15:10:00', '2026-01-03 15:10:00', 46, 1),
(10, 'Cliente recorrente', 'Cliente recorrente solicitou mesma paleta', 200.25, 1.14, '2026-01-15 11:10:00', 1, '2026-01-07 11:10:00', '2026-01-07 11:10:00', 15, 4),
(11, 'Indicacao', 'Entrega via motoboy agendada', 401.50, 2.30, '2026-01-29 09:45:00', 1, '2026-01-15 09:45:00', '2026-01-16 09:45:00', 14, 1),
(12, 'Instagram', 'Pedido com retirada no atelie', 139.40, 0.53, '2026-02-01 11:00:00', 1, '2026-01-22 11:00:00', '2026-01-22 11:00:00', 8, 1),
(13, 'WhatsApp', 'Prazo combinado por WhatsApp', 523.30, 1.98, '2026-02-09 14:20:00', 1, '2026-01-27 14:20:00', '2026-01-31 14:20:00', 18, 2),
(14, 'WhatsApp', 'Cliente pediu ajuste na cor da arte', 238.20, 1.31, '2026-01-11 09:20:00', 1, '2026-01-02 09:20:00', '2026-01-07 09:20:00', 3, 4),
(15, 'WhatsApp', 'Entrega via motoboy agendada', 480.80, 1.70, '2026-01-17 10:10:00', 1, '2026-01-12 10:10:00', '2026-01-14 10:10:00', 41, 2),
(16, 'WhatsApp', 'Pedido com retirada no atelie', 12.90, 0.09, '2026-01-31 10:00:00', 1, '2026-01-19 10:00:00', '2026-01-23 10:00:00', 35, 5),
(17, 'WhatsApp', 'Cliente pediu ajuste na cor da arte', 174.00, 0.68, '2026-02-09 11:45:00', 1, '2026-01-26 11:45:00', '2026-01-30 11:45:00', 1, 1),
(18, 'Indicacao', 'Personalizacao com nome e idade', 258.00, 1.70, '2026-02-08 14:45:00', 1, '2026-01-31 14:45:00', '2026-02-02 14:45:00', 19, 5),
(19, 'Instagram', 'Entrega via motoboy agendada', 361.85, 1.50, '2026-01-21 10:45:00', 1, '2026-01-07 10:45:00', '2026-01-08 10:45:00', 5, 6),
(20, 'Cliente recorrente', 'Brinde para equipe em evento interno', 47.30, 0.19, '2026-01-24 14:00:00', 1, '2026-01-13 14:00:00', '2026-01-13 14:00:00', 50, 2),
(21, 'Instagram', 'Brinde para equipe em evento interno', 773.14, 2.95, '2026-01-29 15:35:00', 1, '2026-01-20 15:35:00', '2026-01-20 15:35:00', 20, 1),
(22, 'Site', 'Pedido com retirada no atelie', 586.40, 2.80, '2026-02-02 11:45:00', 1, '2026-01-27 11:45:00', '2026-02-01 11:45:00', 32, 6),
(23, 'Cliente recorrente', 'Entrega via motoboy agendada', 481.90, 2.97, '2026-01-11 10:10:00', 1, '2026-01-05 10:10:00', '2026-01-10 10:10:00', 4, 3),
(24, 'WhatsApp', 'Pedido com retirada no atelie', 11.90, 0.07, '2026-01-22 15:00:00', 1, '2026-01-11 15:00:00', '2026-01-13 15:00:00', 14, 1),
(25, 'WhatsApp', 'Prazo combinado por WhatsApp', 103.20, 0.68, '2026-01-31 14:00:00', 1, '2026-01-17 14:00:00', '2026-01-21 14:00:00', 3, 2),
(26, 'Instagram', 'Entrega via motoboy agendada', 47.60, 0.28, '2026-02-07 16:00:00', 1, '2026-01-24 16:00:00', '2026-01-25 16:00:00', 4, 1),
(27, 'WhatsApp', 'Pedido com retirada no atelie', 35.70, 0.21, '2026-02-06 15:20:00', 1, '2026-01-31 15:20:00', '2026-01-31 15:20:00', 19, 2),
(28, 'WhatsApp', 'Pedido com retirada no atelie', 118.40, 0.52, '2026-01-21 16:45:00', 1, '2026-01-07 16:45:00', '2026-01-11 16:45:00', 4, 5),
(29, 'WhatsApp', 'Cliente pediu embalagem individual', 404.60, 1.52, '2026-02-21 14:20:00', 1, '2026-02-07 14:20:00', '2026-02-08 14:20:00', 14, 4),
(30, 'Instagram', 'Personalizacao com nome e idade', 795.40, 3.23, '2026-02-23 10:45:00', 1, '2026-02-14 10:45:00', '2026-02-18 10:45:00', 15, 4),
(31, 'Instagram', 'Cliente recorrente solicitou mesma paleta', 94.60, 0.38, '2026-03-01 11:35:00', 1, '2026-02-21 11:35:00', '2026-02-24 11:35:00', 21, 3),
(32, 'Indicacao', 'Brinde para equipe em evento interno', 591.25, 2.38, '2026-02-16 15:35:00', 1, '2026-02-03 15:35:00', '2026-02-03 15:35:00', 22, 5),
(33, 'WhatsApp', 'Pedido para lembrancinhas de escola', 22.90, 0.09, '2026-02-15 09:00:00', 1, '2026-02-10 09:00:00', '2026-02-15 09:00:00', 26, 6),
(34, 'WhatsApp', 'Pedido com retirada no atelie', 1374.30, 5.27, '2026-02-21 09:45:00', 1, '2026-02-16 09:45:00', '2026-02-18 09:45:00', 15, 3),
(35, 'Site', 'Pedido para lembrancinhas de escola', 99.88, 0.47, '2026-03-08 14:00:00', 1, '2026-02-23 14:00:00', '2026-02-23 14:00:00', 8, 1),
(36, 'Instagram', 'Entrega via motoboy agendada', 984.55, 3.86, '2026-03-13 15:00:00', 1, '2026-02-28 15:00:00', '2026-03-01 15:00:00', 24, 3),
(37, 'WhatsApp', 'Pedido para festa infantil no fim de semana', 11.30, 0.07, '2026-02-14 10:20:00', 1, '2026-02-08 10:20:00', '2026-02-08 10:20:00', 11, 3),
(38, 'Instagram', 'Cliente pediu embalagem individual', 406.50, 2.55, '2026-02-22 16:20:00', 1, '2026-02-14 16:20:00', '2026-02-19 16:20:00', 6, 1),
(39, 'Instagram', 'Kit montado para mesa de doces', 94.20, 0.29, '2026-03-02 11:00:00', 1, '2026-02-24 11:00:00', '2026-02-27 11:00:00', 8, 3),
(40, 'WhatsApp', 'Pedido para lembrancinhas de escola', 168.30, 0.64, '2026-02-08 14:20:00', 1, '2026-02-03 14:20:00', '2026-02-03 14:20:00', 6, 3),
(41, 'WhatsApp', 'Entrega via motoboy agendada', 38.70, 0.26, '2026-02-10 14:10:00', 1, '2026-02-07 14:10:00', '2026-02-10 14:10:00', 41, 1),
(42, 'Evento/Feira', 'Prazo combinado por WhatsApp', 389.80, 1.89, '2026-03-01 14:45:00', 1, '2026-02-17 14:45:00', '2026-02-19 14:45:00', 52, 3),
(43, 'Site', 'Cliente recorrente solicitou mesma paleta', 11.30, 0.07, '2026-02-28 09:20:00', 1, '2026-02-24 09:20:00', '2026-02-24 09:20:00', 13, 3),
(44, 'WhatsApp', 'Entrega via motoboy agendada', 1118.75, 4.51, '2026-03-08 09:45:00', 1, '2026-02-28 09:45:00', '2026-03-03 09:45:00', 27, 4),
(45, 'Site', 'Pedido com retirada no atelie', 373.50, 1.43, '2026-02-19 16:20:00', 1, '2026-02-07 16:20:00', '2026-02-12 16:20:00', 15, 2),
(46, 'Indicacao', 'Pedido para lembrancinhas de escola', 601.00, 2.12, '2026-02-25 14:45:00', 1, '2026-02-14 14:45:00', '2026-02-17 14:45:00', 41, 5),
(47, 'WhatsApp', 'Cliente pediu ajuste na cor da arte', 12.90, 0.09, '2026-03-02 10:35:00', 1, '2026-02-22 10:35:00', '2026-02-25 10:35:00', 15, 4),
(48, 'Cliente recorrente', 'Pedido com retirada no atelie', 13.55, 0.09, '2026-02-15 16:00:00', 1, '2026-02-02 16:00:00', '2026-02-02 16:00:00', 2, 1),
(49, 'Instagram', 'Cliente pediu ajuste na cor da arte', 1338.25, 5.23, '2026-02-18 11:35:00', 1, '2026-02-09 11:35:00', '2026-02-13 11:35:00', 6, 5),
(50, 'WhatsApp', 'Entrega via motoboy agendada', 24.90, 0.10, '2026-02-28 15:35:00', 1, '2026-02-16 15:35:00', '2026-02-16 15:35:00', 38, 3),
(51, 'Evento/Feira', 'Cliente pediu embalagem individual', 103.20, 0.68, '2026-03-04 14:45:00', 1, '2026-02-23 14:45:00', '2026-02-27 14:45:00', 28, 4),
(52, 'Cliente recorrente', 'Prazo combinado por WhatsApp', 74.70, 0.29, '2026-03-14 16:35:00', 1, '2026-02-28 16:35:00', '2026-03-05 16:35:00', 15, 4),
(53, 'Instagram', 'Pedido com retirada no atelie', 61.25, 0.43, '2026-02-21 14:10:00', 1, '2026-02-08 14:10:00', '2026-02-12 14:10:00', 9, 4),
(54, 'Instagram', 'Cliente recorrente solicitou mesma paleta', 52.00, 0.27, '2026-02-25 14:00:00', 1, '2026-02-15 14:00:00', '2026-02-15 14:00:00', 27, 3),
(55, 'WhatsApp', 'Cliente recorrente solicitou mesma paleta', 78.42, 0.29, '2026-03-08 15:00:00', 1, '2026-02-23 15:00:00', '2026-02-25 15:00:00', 2, 1),
(56, 'WhatsApp', 'Prazo combinado por WhatsApp', 25.00, 0.14, '2026-03-05 16:10:00', 1, '2026-02-28 16:10:00', '2026-03-03 16:10:00', 7, 3),
(57, 'Indicacao', 'Pedido com retirada no atelie', 298.80, 1.14, '2026-02-15 10:10:00', 1, '2026-02-08 10:10:00', '2026-02-13 10:10:00', 29, 1),
(58, 'WhatsApp', 'Entrega via motoboy agendada', 49.00, 0.34, '2026-02-28 16:00:00', 1, '2026-02-14 16:00:00', '2026-02-16 16:00:00', 15, 5),
(59, 'Evento/Feira', 'Personalizacao com nome e idade', 591.25, 2.38, '2026-03-04 09:20:00', 1, '2026-02-22 09:20:00', '2026-02-23 09:20:00', 4, 4),
(60, 'Site', 'Arte aprovada pelo cliente sem alteracoes', 135.50, 0.85, '2026-02-10 09:45:00', 1, '2026-02-02 09:45:00', '2026-02-04 09:45:00', 45, 4),
(61, 'Instagram', 'Personalizacao com nome e idade', 229.00, 0.85, '2026-02-20 14:35:00', 1, '2026-02-10 14:35:00', '2026-02-15 14:35:00', 4, 6),
(62, 'WhatsApp', 'Brinde para equipe em evento interno', 115.62, 0.43, '2026-03-01 14:45:00', 1, '2026-02-17 14:45:00', '2026-02-18 14:45:00', 22, 2),
(63, 'WhatsApp', 'Entrega via motoboy agendada', 111.55, 0.49, '2026-02-26 14:35:00', 1, '2026-02-21 14:35:00', '2026-02-21 14:35:00', 18, 5),
(64, 'Indicacao', 'Arte aprovada pelo cliente sem alteracoes', 313.68, 1.14, '2026-02-10 15:10:00', 1, '2026-02-03 15:10:00', '2026-02-05 15:10:00', 30, 2),
(65, 'Instagram', 'Prazo combinado por WhatsApp', 520.30, 2.09, '2026-03-17 11:10:00', 1, '2026-03-11 11:10:00', '2026-03-13 11:10:00', 15, 5),
(66, 'Site', 'Cliente pediu embalagem individual', 347.00, 2.29, '2026-03-31 15:35:00', 1, '2026-03-19 15:35:00', '2026-03-23 15:35:00', 5, 2),
(67, 'WhatsApp', 'Pedido para lembrancinhas de escola', 747.00, 2.85, '2026-03-31 09:20:00', 1, '2026-03-24 09:20:00', '2026-03-24 09:20:00', 1, 1),
(68, 'Indicacao', 'Personalizacao com nome e idade', 676.70, 2.72, '2026-04-12 16:10:00', 1, '2026-03-31 16:10:00', '2026-04-03 16:10:00', 6, 6),
(69, 'WhatsApp', 'Kit montado para mesa de doces', 297.50, 1.75, '2026-03-11 15:20:00', 1, '2026-03-08 15:20:00', '2026-03-08 15:20:00', 6, 1),
(70, 'WhatsApp', 'Pedido para festa infantil no fim de semana', 752.10, 2.93, '2026-03-23 15:35:00', 1, '2026-03-17 15:35:00', '2026-03-17 15:35:00', 9, 2),
(71, 'WhatsApp', 'Cliente pediu ajuste na cor da arte', 654.45, 2.76, '2026-03-29 16:20:00', 1, '2026-03-24 16:20:00', '2026-03-27 16:20:00', 31, 1),
(72, 'WhatsApp', 'Brinde para equipe em evento interno', 397.20, 2.41, '2026-04-10 16:35:00', 1, '2026-03-31 16:35:00', '2026-04-03 16:35:00', 31, 4),
(73, 'WhatsApp', 'Prazo combinado por WhatsApp', 318.85, 1.34, '2026-03-19 16:00:00', 1, '2026-03-07 16:00:00', '2026-03-08 16:00:00', 18, 3),
(74, 'WhatsApp', 'Brinde para equipe em evento interno', 26.14, 0.10, '2026-03-24 10:45:00', 1, '2026-03-11 10:45:00', '2026-03-12 10:45:00', 21, 6),
(75, 'WhatsApp', 'Prazo combinado por WhatsApp', 603.50, 2.47, '2026-03-28 09:35:00', 1, '2026-03-18 09:35:00', '2026-03-20 09:35:00', 1, 6),
(76, 'Indicacao', 'Brinde para equipe em evento interno', 445.15, 2.23, '2026-04-03 09:10:00', 1, '2026-03-26 09:10:00', '2026-03-27 09:10:00', 22, 6),
(77, 'Indicacao', 'Cliente recorrente solicitou mesma paleta', 499.14, 2.00, '2026-03-11 16:10:00', 1, '2026-03-02 16:10:00', '2026-03-07 16:10:00', 9, 4),
(78, 'WhatsApp', 'Cliente pediu ajuste na cor da arte', 174.00, 0.68, '2026-03-13 11:20:00', 1, '2026-03-08 11:20:00', '2026-03-08 11:20:00', 48, 2),
(79, 'WhatsApp', 'Cliente pediu ajuste na cor da arte', 49.40, 0.27, '2026-03-22 14:45:00', 1, '2026-03-16 14:45:00', '2026-03-16 14:45:00', 36, 2),
(80, 'Instagram', 'Pedido com retirada no atelie', 24.90, 0.10, '2026-04-01 10:00:00', 1, '2026-03-22 10:00:00', '2026-03-26 10:00:00', 3, 6),
(81, 'WhatsApp', 'Pedido para lembrancinhas de escola', 240.40, 0.85, '2026-04-12 10:35:00', 1, '2026-03-31 10:35:00', '2026-04-03 10:35:00', 52, 4),
(82, 'WhatsApp', 'Pedido com retirada no atelie', 250.00, 1.40, '2026-03-16 15:35:00', 1, '2026-03-05 15:35:00', '2026-03-08 15:35:00', 33, 5),
(83, 'Evento/Feira', 'Pedido com retirada no atelie', 322.45, 1.24, '2026-03-27 11:45:00', 1, '2026-03-13 11:45:00', '2026-03-16 11:45:00', 12, 3),
(84, 'Cliente recorrente', 'Pedido com retirada no atelie', 978.40, 3.61, '2026-03-31 15:20:00', 1, '2026-03-19 15:20:00', '2026-03-22 15:20:00', 1, 6),
(85, 'Indicacao', 'Cliente recorrente solicitou mesma paleta', 13.55, 0.09, '2026-04-06 11:00:00', 1, '2026-03-27 11:00:00', '2026-03-27 11:00:00', 27, 1),
(86, 'WhatsApp', 'Brinde para equipe em evento interno', 545.27, 2.61, '2026-03-18 16:20:00', 1, '2026-03-04 16:20:00', '2026-03-06 16:20:00', 32, 1),
(87, 'Instagram', 'Pedido com retirada no atelie', 354.75, 1.43, '2026-03-18 15:00:00', 1, '2026-03-11 15:00:00', '2026-03-12 15:00:00', 22, 1),
(88, 'WhatsApp', 'Entrega via motoboy agendada', 338.75, 2.12, '2026-03-23 10:20:00', 1, '2026-03-16 10:20:00', '2026-03-19 10:20:00', 3, 5),
(89, 'Indicacao', 'Pedido para lembrancinhas de escola', 572.50, 2.12, '2026-04-06 09:00:00', 1, '2026-03-26 09:00:00', '2026-03-26 09:00:00', 1, 1),
(90, 'WhatsApp', 'Kit montado para mesa de doces', 482.60, 2.91, '2026-04-14 09:35:00', 1, '2026-03-31 09:35:00', '2026-04-03 09:35:00', 39, 5),
(91, 'WhatsApp', 'Pedido para festa infantil no fim de semana', 404.20, 1.79, '2026-03-15 14:35:00', 1, '2026-03-07 14:35:00', '2026-03-11 14:35:00', 14, 1),
(92, 'Instagram', 'Entrega via motoboy agendada', 747.00, 2.85, '2026-03-22 16:35:00', 1, '2026-03-14 16:35:00', '2026-03-17 16:35:00', 17, 3),
(93, 'WhatsApp', 'Pedido com retirada no atelie', 1035.60, 3.88, '2026-04-01 11:45:00', 1, '2026-03-23 11:45:00', '2026-03-28 11:45:00', 4, 2),
(94, 'Instagram', 'Arte aprovada pelo cliente sem alteracoes', 568.50, 2.40, '2026-04-04 15:35:00', 1, '2026-03-30 15:35:00', '2026-03-30 15:35:00', 6, 6),
(95, 'WhatsApp', 'Brinde para equipe em evento interno', 49.80, 0.19, '2026-03-11 14:00:00', 1, '2026-03-05 14:00:00', '2026-03-06 14:00:00', 8, 5),
(96, 'WhatsApp', 'Pedido para festa infantil no fim de semana', 24.90, 0.10, '2026-03-17 11:10:00', 1, '2026-03-10 11:10:00', '2026-03-10 11:10:00', 50, 1),
(97, 'Cliente recorrente', 'Entrega via motoboy agendada', 826.00, 3.29, '2026-03-24 14:35:00', 1, '2026-03-19 14:35:00', '2026-03-22 14:35:00', 51, 5),
(98, 'Instagram', 'Kit montado para mesa de doces', 646.15, 2.48, '2026-04-01 16:10:00', 1, '2026-03-27 16:10:00', '2026-04-01 16:10:00', 1, 6),
(99, 'WhatsApp', 'Cliente pediu embalagem individual', 49.80, 0.19, '2026-04-11 14:35:00', 1, '2026-03-31 14:35:00', '2026-04-03 14:35:00', 49, 3),
(100, 'Instagram', 'Pedido com retirada no atelie', 86.78, 0.43, '2026-03-18 15:00:00', 1, '2026-03-07 15:00:00', '2026-03-12 15:00:00', 46, 1),
(101, 'WhatsApp', 'Cliente recorrente solicitou mesma paleta', 162.70, 0.82, '2026-03-27 09:00:00', 1, '2026-03-14 09:00:00', '2026-03-16 09:00:00', 6, 5),
(102, 'Site', 'Kit montado para mesa de doces', 547.15, 2.40, '2026-04-01 15:20:00', 1, '2026-03-21 15:20:00', '2026-03-22 15:20:00', 10, 6),
(103, 'Indicacao', 'Entrega via motoboy agendada', 103.20, 0.68, '2026-04-11 15:35:00', 1, '2026-03-30 15:35:00', '2026-04-01 15:35:00', 22, 2),
(104, 'Instagram', 'Arte aprovada pelo cliente sem alteracoes', 261.00, 1.02, '2026-03-17 11:35:00', 1, '2026-03-04 11:35:00', '2026-03-06 11:35:00', 27, 3),
(105, 'Evento/Feira', 'Pedido com retirada no atelie', 37.50, 0.21, '2026-03-20 10:35:00', 1, '2026-03-14 10:35:00', '2026-03-16 10:35:00', 41, 1),
(106, 'Cliente recorrente', 'Cliente pediu embalagem individual', 142.00, 0.54, '2026-03-25 15:45:00', 1, '2026-03-18 15:45:00', '2026-03-23 15:45:00', 14, 5),
(107, 'WhatsApp', 'Entrega via motoboy agendada', 52.28, 0.19, '2026-04-02 16:10:00', 1, '2026-03-25 16:10:00', '2026-03-26 16:10:00', 5, 6),
(108, 'WhatsApp', 'Cliente recorrente solicitou mesma paleta', 947.10, 3.68, '2026-03-16 15:20:00', 1, '2026-03-03 15:20:00', '2026-03-05 15:20:00', 4, 5),
(109, 'WhatsApp', 'Cliente pediu ajuste na cor da arte', 23.80, 0.14, '2026-03-15 10:10:00', 1, '2026-03-08 10:10:00', '2026-03-12 10:10:00', 14, 2),
(110, 'Cliente recorrente', 'Pedido para lembrancinhas de escola', 128.21, 0.48, '2026-03-30 16:35:00', 1, '2026-03-17 16:35:00', '2026-03-21 16:35:00', 10, 3),
(111, 'Instagram', 'Pedido para festa infantil no fim de semana', 227.05, 1.42, '2026-03-29 11:00:00', 1, '2026-03-23 11:00:00', '2026-03-28 11:00:00', 10, 5),
(112, 'Instagram', 'Entrega via motoboy agendada', 168.80, 0.89, '2026-04-07 16:00:00', 1, '2026-03-31 16:00:00', '2026-04-04 16:00:00', 3, 3),
(113, 'Indicacao', 'Pedido com retirada no atelie', 119.00, 0.70, '2026-04-27 14:45:00', 1, '2026-04-15 14:45:00', '2026-04-18 14:45:00', 28, 4),
(114, 'WhatsApp', 'Cliente pediu ajuste na cor da arte', 357.00, 2.10, '2026-04-26 14:35:00', 1, '2026-04-20 14:35:00', '2026-04-23 14:35:00', 11, 2),
(115, 'Indicacao', 'Entrega via motoboy agendada', 342.00, 2.10, '2026-05-01 09:10:00', 1, '2026-04-28 09:10:00', '2026-05-01 09:10:00', 29, 1),
(116, 'Instagram', 'Entrega via motoboy agendada', 250.45, 1.19, '2026-04-16 10:20:00', 1, '2026-04-07 10:20:00', '2026-04-07 10:20:00', 22, 6),
(117, 'Indicacao', 'Pedido com retirada no atelie', 1352.90, 5.39, '2026-04-22 16:35:00', 1, '2026-04-13 16:35:00', '2026-04-17 16:35:00', 4, 3),
(118, 'Indicacao', 'Cliente recorrente solicitou mesma paleta', 394.35, 2.99, '2026-05-04 15:20:00', 1, '2026-04-20 15:20:00', '2026-04-21 15:20:00', 49, 1),
(119, 'WhatsApp', 'Cliente pediu embalagem individual', 227.90, 1.02, '2026-05-07 14:00:00', 1, '2026-04-26 14:00:00', '2026-04-29 14:00:00', 2, 3),
(120, 'Instagram', 'Brinde para equipe em evento interno', 189.20, 0.76, '2026-04-14 16:00:00', 1, '2026-04-05 16:00:00', '2026-04-09 16:00:00', 6, 5),
(121, 'Site', 'Cliente pediu ajuste na cor da arte', 205.30, 1.19, '2026-04-25 09:20:00', 1, '2026-04-11 09:20:00', '2026-04-15 09:20:00', 6, 4),
(122, 'Indicacao', 'Kit montado para mesa de doces', 784.20, 2.85, '2026-04-27 09:00:00', 1, '2026-04-17 09:00:00', '2026-04-22 09:00:00', 44, 5),
(123, 'WhatsApp', 'Cliente pediu embalagem individual', 18.90, 0.03, '2026-05-02 11:45:00', 1, '2026-04-25 11:45:00', '2026-04-29 11:45:00', 16, 6),
(124, 'Instagram', 'Cliente recorrente solicitou mesma paleta', 132.60, 1.28, '2026-05-05 15:45:00', 1, '2026-04-30 15:45:00', '2026-05-02 15:45:00', 45, 1),
(125, 'WhatsApp', 'Prazo combinado por WhatsApp', 435.40, 2.67, '2026-04-18 09:10:00', 1, '2026-04-10 09:10:00', '2026-04-14 09:10:00', 27, 4),
(126, 'Instagram', 'Personalizacao com nome e idade', 236.50, 0.95, '2026-04-27 15:10:00', 1, '2026-04-15 15:10:00', '2026-04-18 15:10:00', 4, 6),
(127, 'WhatsApp', 'Brinde para equipe em evento interno', 45.80, 0.17, '2026-05-01 15:20:00', 1, '2026-04-22 15:20:00', '2026-04-25 15:20:00', 8, 6),
(128, 'WhatsApp', 'Cliente pediu ajuste na cor da arte', 99.65, 0.42, '2026-05-08 10:10:00', 1, '2026-04-29 10:10:00', '2026-05-01 10:10:00', 46, 3),
(129, 'Site', 'Personalizacao com nome e idade', 915.50, 3.72, '2026-04-10 16:20:00', 1, '2026-04-05 16:20:00', '2026-04-07 16:20:00', 48, 6),
(130, 'Indicacao', 'Arte aprovada pelo cliente sem alteracoes', 622.50, 2.38, '2026-04-21 15:00:00', 1, '2026-04-12 15:00:00', '2026-04-12 15:00:00', 2, 3),
(131, 'Cliente recorrente', 'Cliente recorrente solicitou mesma paleta', 101.28, 0.53, '2026-05-01 16:20:00', 1, '2026-04-19 16:20:00', '2026-04-22 16:20:00', 47, 4),
(132, 'WhatsApp', 'Personalizacao com nome e idade', 26.14, 0.10, '2026-05-06 15:35:00', 1, '2026-04-29 15:35:00', '2026-04-30 15:35:00', 14, 3),
(133, 'Cliente recorrente', 'Prazo combinado por WhatsApp', 116.78, 0.43, '2026-04-15 16:10:00', 1, '2026-04-03 16:10:00', '2026-04-04 16:10:00', 27, 5),
(134, 'Instagram', 'Cliente pediu embalagem individual', 213.15, 0.89, '2026-04-21 16:10:00', 1, '2026-04-12 16:10:00', '2026-04-15 16:10:00', 8, 6),
(135, 'Instagram', 'Entrega via motoboy agendada', 122.50, 0.85, '2026-04-28 11:00:00', 1, '2026-04-20 11:00:00', '2026-04-24 11:00:00', 32, 1),
(136, 'Indicacao', 'Brinde para equipe em evento interno', 141.90, 0.94, '2026-05-05 14:20:00', 1, '2026-04-24 14:20:00', '2026-04-25 14:20:00', 5, 6),
(137, 'Cliente recorrente', 'Brinde para equipe em evento interno', 1041.95, 4.10, '2026-04-07 09:45:00', 1, '2026-04-01 09:45:00', '2026-04-04 09:45:00', 45, 2),
(138, 'Indicacao', 'Pedido para lembrancinhas de escola', 612.88, 2.28, '2026-04-16 10:35:00', 1, '2026-04-11 10:35:00', '2026-04-14 10:35:00', 2, 3),
(139, 'WhatsApp', 'Cliente recorrente solicitou mesma paleta', 258.30, 1.48, '2026-05-02 15:35:00', 1, '2026-04-18 15:35:00', '2026-04-21 15:35:00', 25, 5),
(140, 'WhatsApp', 'Kit montado para mesa de doces', 142.80, 0.84, '2026-05-02 14:45:00', 1, '2026-04-24 14:45:00', '2026-04-29 14:45:00', 1, 3),
(141, 'Instagram', 'Pedido para festa infantil no fim de semana', 626.70, 5.48, '2026-05-13 09:10:00', 1, '2026-04-29 09:10:00', '2026-05-03 09:10:00', 4, 2),
(142, 'Site', 'Cliente pediu ajuste na cor da arte', 214.10, 0.86, '2026-04-19 10:35:00', 1, '2026-04-06 10:35:00', '2026-04-10 10:35:00', 9, 2),
(143, 'Instagram', 'Cliente recorrente solicitou mesma paleta', 268.65, 1.80, '2026-04-27 11:45:00', 1, '2026-04-14 11:45:00', '2026-04-17 11:45:00', 32, 5),
(144, 'WhatsApp', 'Personalizacao com nome e idade', 146.25, 0.56, '2026-05-02 09:45:00', 1, '2026-04-20 09:45:00', '2026-04-23 09:45:00', 4, 5),
(145, 'WhatsApp', 'Brinde para equipe em evento interno', 649.86, 2.47, '2026-05-08 14:20:00', 1, '2026-04-29 14:20:00', '2026-05-01 14:20:00', 50, 5),
(146, 'WhatsApp', 'Kit montado para mesa de doces', 714.75, 2.81, '2026-04-19 09:35:00', 1, '2026-04-05 09:35:00', '2026-04-05 09:35:00', 8, 3),
(147, 'WhatsApp', 'Kit montado para mesa de doces', 166.10, 0.77, '2026-04-24 14:10:00', 1, '2026-04-14 14:10:00', '2026-04-16 14:10:00', 42, 5),
(148, 'WhatsApp', 'Brinde para equipe em evento interno', 120.20, 0.43, '2026-05-03 14:10:00', 1, '2026-04-21 14:10:00', '2026-04-26 14:10:00', 5, 1),
(149, 'Instagram', 'Entrega via motoboy agendada', 47.30, 0.19, '2026-05-04 09:20:00', 1, '2026-04-27 09:20:00', '2026-05-02 09:20:00', 1, 3),
(150, 'Indicacao', 'Entrega via motoboy agendada', 519.50, 1.96, '2026-04-17 16:10:00', 1, '2026-04-04 16:10:00', '2026-04-05 16:10:00', 20, 5),
(151, 'Instagram', 'Kit montado para mesa de doces', 569.89, 2.22, '2026-04-18 15:35:00', 1, '2026-04-09 15:35:00', '2026-04-09 15:35:00', 40, 6),
(152, 'Instagram', 'Cliente pediu ajuste na cor da arte', 12.25, 0.09, '2026-05-02 10:20:00', 1, '2026-04-19 10:20:00', '2026-04-19 10:20:00', 8, 2),
(153, 'WhatsApp', 'Personalizacao com nome e idade', 141.00, 0.82, '2026-05-05 16:35:00', 1, '2026-04-23 16:35:00', '2026-04-23 16:35:00', 20, 3),
(154, 'Cliente recorrente', 'Cliente pediu ajuste na cor da arte', 470.90, 1.79, '2026-04-13 14:45:00', 1, '2026-04-01 14:45:00', '2026-04-02 14:45:00', 25, 3),
(155, 'Indicacao', 'Cliente recorrente solicitou mesma paleta', 22.80, 0.15, '2026-04-19 14:20:00', 1, '2026-04-07 14:20:00', '2026-04-11 14:20:00', 20, 2),
(156, 'Indicacao', 'Cliente pediu ajuste na cor da arte', 883.80, 3.23, '2026-04-20 16:20:00', 1, '2026-04-14 16:20:00', '2026-04-15 16:20:00', 13, 6),
(157, 'Indicacao', 'Kit montado para mesa de doces', 158.50, 0.93, '2026-05-04 16:00:00', 1, '2026-04-21 16:00:00', '2026-04-22 16:00:00', 10, 1),
(158, 'Cliente recorrente', 'Cliente pediu embalagem individual', 1261.60, 5.04, '2026-05-04 14:35:00', 1, '2026-04-29 14:35:00', '2026-05-03 14:35:00', 7, 5),
(159, 'WhatsApp', 'Pedido com retirada no atelie', 619.70, 3.35, '2026-04-13 11:45:00', 1, '2026-04-06 11:45:00', '2026-04-09 11:45:00', 34, 6),
(160, 'WhatsApp', 'Kit montado para mesa de doces', 489.55, 2.03, '2026-04-26 11:35:00', 1, '2026-04-13 11:35:00', '2026-04-16 11:35:00', 14, 4),
(161, 'Site', 'Prazo combinado por WhatsApp', 269.90, 1.80, '2026-05-03 15:35:00', 1, '2026-04-19 15:35:00', '2026-04-21 15:35:00', 49, 3),
(162, 'Indicacao', 'Cliente pediu embalagem individual', 323.80, 2.13, '2026-05-05 15:45:00', 1, '2026-04-27 15:45:00', '2026-05-02 15:45:00', 3, 3),
(163, 'WhatsApp', 'Pedido para festa infantil no fim de semana', 199.20, 0.76, '2026-04-12 10:45:00', 1, '2026-04-06 10:45:00', '2026-04-11 10:45:00', 30, 1),
(164, 'Cliente recorrente', 'Cliente pediu ajuste na cor da arte', 379.70, 1.42, '2026-04-24 11:45:00', 1, '2026-04-11 11:45:00', '2026-04-13 11:45:00', 43, 6),
(165, 'Cliente recorrente', 'Cliente pediu ajuste na cor da arte', 414.50, 1.73, '2026-04-27 09:45:00', 1, '2026-04-19 09:45:00', '2026-04-21 09:45:00', 41, 2),
(166, 'Evento/Feira', 'Pedido para festa infantil no fim de semana', 119.00, 0.70, '2026-05-05 10:00:00', 1, '2026-04-27 10:00:00', '2026-04-28 10:00:00', 6, 6),
(167, 'WhatsApp', 'Kit montado para mesa de doces', 77.25, 0.33, '2026-04-13 10:10:00', 1, '2026-04-01 10:10:00', '2026-04-04 10:10:00', 16, 4),
(168, 'Indicacao', 'Brinde para equipe em evento interno', 99.60, 0.38, '2026-04-22 09:45:00', 1, '2026-04-11 09:45:00', '2026-04-14 09:45:00', 15, 6),
(169, 'Cliente recorrente', 'Cliente pediu embalagem individual', 348.60, 1.33, '2026-04-28 10:00:00', 1, '2026-04-17 10:00:00', '2026-04-17 10:00:00', 43, 4),
(170, 'Cliente recorrente', 'Cliente recorrente solicitou mesma paleta', 423.30, 1.62, '2026-04-27 11:35:00', 1, '2026-04-24 11:35:00', '2026-04-26 11:35:00', 13, 4),
(171, 'Instagram', 'Entrega via motoboy agendada', 497.25, 4.80, '2026-04-09 15:10:00', 1, '2026-04-01 15:10:00', '2026-04-03 15:10:00', 42, 2),
(172, 'Instagram', 'Pedido para festa infantil no fim de semana', 498.00, 1.90, '2026-04-22 10:45:00', 1, '2026-04-08 10:45:00', '2026-04-10 10:45:00', 28, 1),
(173, 'Indicacao', 'Cliente pediu ajuste na cor da arte', 104.70, 0.96, '2026-05-30 15:45:00', 1, '2026-05-16 15:45:00', '2026-05-21 15:45:00', 6, 5),
(174, 'WhatsApp', 'Cliente recorrente solicitou mesma paleta', 690.00, 4.67, '2026-06-03 09:20:00', 1, '2026-05-23 09:20:00', '2026-05-23 09:20:00', 15, 4),
(175, 'Cliente recorrente', 'Cliente pediu ajuste na cor da arte', 129.00, 0.85, '2026-06-14 15:10:00', 1, '2026-05-31 15:10:00', '2026-06-03 15:10:00', 5, 6),
(176, 'WhatsApp', 'Kit montado para mesa de doces', 502.48, 1.98, '2026-05-18 10:35:00', 1, '2026-05-07 10:35:00', '2026-05-07 10:35:00', 4, 2),
(177, 'Instagram', 'Prazo combinado por WhatsApp', 159.84, 0.70, '2026-05-25 11:10:00', 1, '2026-05-13 11:10:00', '2026-05-14 11:10:00', 19, 4),
(178, 'Instagram', 'Cliente pediu embalagem individual', 593.50, 3.82, '2026-06-04 11:10:00', 1, '2026-05-23 11:10:00', '2026-05-24 11:10:00', 42, 2),
(179, 'Cliente recorrente', 'Cliente pediu embalagem individual', 531.04, 2.13, '2026-06-02 15:10:00', 1, '2026-05-27 15:10:00', '2026-05-29 15:10:00', 21, 1),
(180, 'WhatsApp', 'Personalizacao com nome e idade', 192.32, 0.68, '2026-05-11 14:45:00', 1, '2026-05-05 14:45:00', '2026-05-07 14:45:00', 28, 6),
(181, 'WhatsApp', 'Kit montado para mesa de doces', 568.65, 2.22, '2026-05-16 16:00:00', 1, '2026-05-11 16:00:00', '2026-05-15 16:00:00', 24, 6),
(182, 'Site', 'Cliente pediu ajuste na cor da arte', 598.50, 2.39, '2026-05-31 15:10:00', 1, '2026-05-18 15:10:00', '2026-05-22 15:10:00', 19, 5),
(183, 'Indicacao', 'Personalizacao com nome e idade', 612.75, 3.13, '2026-06-05 14:10:00', 1, '2026-05-27 14:10:00', '2026-05-29 14:10:00', 7, 2),
(184, 'WhatsApp', 'Cliente pediu ajuste na cor da arte', 12.25, 0.09, '2026-05-11 14:00:00', 1, '2026-05-02 14:00:00', '2026-05-03 14:00:00', 1, 4),
(185, 'WhatsApp', 'Cliente recorrente solicitou mesma paleta', 273.25, 1.21, '2026-05-12 10:35:00', 1, '2026-05-09 10:35:00', '2026-05-11 10:35:00', 49, 5),
(186, 'WhatsApp', 'Pedido para festa infantil no fim de semana', 141.50, 0.92, '2026-05-26 10:00:00', 1, '2026-05-14 10:00:00', '2026-05-16 10:00:00', 51, 2),
(187, 'WhatsApp', 'Brinde para equipe em evento interno', 990.00, 4.93, '2026-06-05 10:35:00', 1, '2026-05-23 10:35:00', '2026-05-27 10:35:00', 4, 3),
(188, 'Evento/Feira', 'Entrega via motoboy agendada', 27.10, 0.17, '2026-06-06 16:35:00', 1, '2026-05-28 16:35:00', '2026-06-02 16:35:00', 11, 5),
(189, 'Instagram', 'Kit montado para mesa de doces', 26.14, 0.10, '2026-05-19 11:10:00', 1, '2026-05-06 11:10:00', '2026-05-08 11:10:00', 3, 2),
(190, 'WhatsApp', 'Arte aprovada pelo cliente sem alteracoes', 392.10, 1.43, '2026-05-21 15:35:00', 1, '2026-05-13 15:35:00', '2026-05-15 15:35:00', 4, 6),
(191, 'WhatsApp', 'Prazo combinado por WhatsApp', 120.75, 0.48, '2026-05-26 14:45:00', 1, '2026-05-18 14:45:00', '2026-05-22 14:45:00', 43, 1),
(192, 'Instagram', 'Pedido para lembrancinhas de escola', 721.20, 2.55, '2026-06-07 11:10:00', 1, '2026-05-28 11:10:00', '2026-05-29 11:10:00', 13, 1),
(193, 'Indicacao', 'Entrega via motoboy agendada', 64.50, 0.43, '2026-05-14 14:20:00', 1, '2026-05-01 14:20:00', '2026-05-02 14:20:00', 3, 3),
(194, 'Instagram', 'Pedido para lembrancinhas de escola', 12.90, 0.09, '2026-05-16 09:00:00', 1, '2026-05-09 09:00:00', '2026-05-11 09:00:00', 13, 5),
(195, 'Instagram', 'Arte aprovada pelo cliente sem alteracoes', 13.55, 0.09, '2026-05-29 15:10:00', 1, '2026-05-15 15:10:00', '2026-05-19 15:10:00', 14, 6),
(196, 'Instagram', 'Kit montado para mesa de doces', 261.40, 0.95, '2026-06-06 09:35:00', 1, '2026-05-24 09:35:00', '2026-05-25 09:35:00', 3, 5),
(197, 'Indicacao', 'Pedido para lembrancinhas de escola', 64.50, 0.43, '2026-06-05 10:45:00', 1, '2026-05-29 10:45:00', '2026-06-02 10:45:00', 52, 2),
(198, 'WhatsApp', 'Pedido para lembrancinhas de escola', 246.32, 0.77, '2026-05-18 16:35:00', 1, '2026-05-06 16:35:00', '2026-05-08 16:35:00', 50, 4),
(199, 'Instagram', 'Kit montado para mesa de doces', 257.07, 1.06, '2026-05-20 11:20:00', 1, '2026-05-13 11:20:00', '2026-05-14 11:20:00', 42, 3),
(200, 'Indicacao', 'Kit montado para mesa de doces', 522.80, 1.90, '2026-05-31 09:45:00', 1, '2026-05-19 09:45:00', '2026-05-19 09:45:00', 21, 4),
(201, 'Instagram', 'Personalizacao com nome e idade', 1293.70, 4.67, '2026-06-07 11:10:00', 1, '2026-05-26 11:10:00', '2026-05-29 11:10:00', 23, 4),
(202, 'Instagram', 'Personalizacao com nome e idade', 261.40, 0.95, '2026-05-08 11:00:00', 1, '2026-05-03 11:00:00', '2026-05-03 11:00:00', 42, 5),
(203, 'WhatsApp', 'Pedido para lembrancinhas de escola', 463.89, 2.77, '2026-05-19 11:10:00', 1, '2026-05-12 11:10:00', '2026-05-13 11:10:00', 7, 6),
(204, 'Instagram', 'Pedido com retirada no atelie', 199.40, 0.73, '2026-05-21 10:35:00', 1, '2026-05-16 10:35:00', '2026-05-19 10:35:00', 35, 1),
(205, 'Instagram', 'Cliente recorrente solicitou mesma paleta', 62.50, 0.35, '2026-06-05 16:20:00', 1, '2026-05-26 16:20:00', '2026-05-27 16:20:00', 11, 1),
(206, 'Indicacao', 'Pedido com retirada no atelie', 360.00, 2.33, '2026-06-11 10:00:00', 1, '2026-05-31 10:00:00', '2026-06-03 10:00:00', 4, 3),
(207, 'Instagram', 'Cliente pediu ajuste na cor da arte', 356.00, 1.33, '2026-05-20 10:20:00', 1, '2026-05-08 10:20:00', '2026-05-09 10:20:00', 13, 6),
(208, 'Instagram', 'Pedido para festa infantil no fim de semana', 81.60, 0.35, '2026-05-29 15:35:00', 1, '2026-05-16 15:35:00', '2026-05-19 15:35:00', 3, 6),
(209, 'Site', 'Personalizacao com nome e idade', 120.20, 0.43, '2026-05-29 11:00:00', 1, '2026-05-21 11:00:00', '2026-05-26 11:00:00', 27, 2),
(210, 'Instagram', 'Prazo combinado por WhatsApp', 96.60, 0.62, '2026-06-04 09:00:00', 1, '2026-05-28 09:00:00', '2026-05-29 09:00:00', 5, 2),
(211, 'Evento/Feira', 'Entrega via motoboy agendada', 648.30, 2.55, '2026-05-16 14:10:00', 1, '2026-05-04 14:10:00', '2026-05-04 14:10:00', 14, 2),
(212, 'Instagram', 'Pedido para lembrancinhas de escola', 678.00, 2.84, '2026-05-25 09:00:00', 1, '2026-05-11 09:00:00', '2026-05-16 09:00:00', 21, 6),
(213, 'WhatsApp', 'Cliente recorrente solicitou mesma paleta', 115.17, 0.55, '2026-05-28 16:35:00', 1, '2026-05-17 16:35:00', '2026-05-20 16:35:00', 19, 4),
(214, 'WhatsApp', 'Cliente pediu embalagem individual', 24.90, 0.10, '2026-06-08 16:10:00', 1, '2026-05-27 16:10:00', '2026-05-29 16:10:00', 1, 5),
(215, 'WhatsApp', 'Pedido para lembrancinhas de escola', 639.60, 2.52, '2026-05-10 09:10:00', 1, '2026-05-02 09:10:00', '2026-05-02 09:10:00', 19, 1),
(216, 'Instagram', 'Entrega via motoboy agendada', 22.60, 0.14, '2026-05-13 10:45:00', 1, '2026-05-08 10:45:00', '2026-05-13 10:45:00', 33, 5),
(217, 'Indicacao', 'Pedido com retirada no atelie', 119.00, 0.70, '2026-05-23 10:45:00', 1, '2026-05-16 10:45:00', '2026-05-21 10:45:00', 43, 2),
(218, 'WhatsApp', 'Pedido para festa infantil no fim de semana', 692.30, 2.95, '2026-05-27 15:10:00', 1, '2026-05-21 15:10:00', '2026-05-25 15:10:00', 12, 3),
(219, 'WhatsApp', 'Prazo combinado por WhatsApp', 993.50, 3.80, '2026-06-07 16:00:00', 1, '2026-05-31 16:00:00', '2026-06-04 16:00:00', 49, 1),
(220, 'Instagram', 'Cliente recorrente solicitou mesma paleta', 368.40, 1.38, '2026-05-17 14:45:00', 1, '2026-05-04 14:45:00', '2026-05-06 14:45:00', 46, 1),
(221, 'Instagram', 'Cliente pediu ajuste na cor da arte', 621.38, 2.67, '2026-05-28 15:20:00', 1, '2026-05-14 15:20:00', '2026-05-14 15:20:00', 1, 4),
(222, 'Cliente recorrente', 'Prazo combinado por WhatsApp', 834.30, 3.28, '2026-05-30 09:10:00', 1, '2026-05-20 09:10:00', '2026-05-23 09:10:00', 19, 1),
(223, 'Indicacao', 'Prazo combinado por WhatsApp', 583.50, 2.40, '2026-06-08 15:20:00', 1, '2026-05-28 15:20:00', '2026-05-31 15:20:00', 1, 5),
(224, 'Instagram', 'Brinde para equipe em evento interno', 848.85, 3.33, '2026-05-08 14:20:00', 1, '2026-05-02 14:20:00', '2026-05-06 14:20:00', 22, 6),
(225, 'WhatsApp', 'Cliente pediu ajuste na cor da arte', 49.50, 0.28, '2026-05-17 09:00:00', 1, '2026-05-10 09:00:00', '2026-05-11 09:00:00', 52, 3),
(226, 'WhatsApp', 'Pedido para lembrancinhas de escola', 94.50, 0.15, '2026-05-21 09:10:00', 1, '2026-05-17 09:10:00', '2026-05-17 09:10:00', 18, 1),
(227, 'Instagram', 'Arte aprovada pelo cliente sem alteracoes', 48.08, 0.17, '2026-06-06 16:45:00', 1, '2026-05-23 16:45:00', '2026-05-27 16:45:00', 1, 6),
(228, 'WhatsApp', 'Kit montado para mesa de doces', 783.50, 4.40, '2026-06-05 10:20:00', 1, '2026-05-30 10:20:00', '2026-06-02 10:20:00', 51, 5),
(229, 'Instagram', 'Arte aprovada pelo cliente sem alteracoes', 103.20, 0.68, '2026-05-12 11:35:00', 1, '2026-05-05 11:35:00', '2026-05-05 11:35:00', 28, 2),
(230, 'Site', 'Arte aprovada pelo cliente sem alteracoes', 340.08, 1.36, '2026-05-26 14:10:00', 1, '2026-05-14 14:10:00', '2026-05-14 14:10:00', 3, 5),
(231, 'Cliente recorrente', 'Brinde para equipe em evento interno', 169.60, 0.71, '2026-06-01 10:00:00', 1, '2026-05-21 10:00:00', '2026-05-26 10:00:00', 4, 5),
(232, 'WhatsApp', 'Brinde para equipe em evento interno', 205.22, 0.77, '2026-06-06 10:20:00', 1, '2026-05-27 10:20:00', '2026-05-27 10:20:00', 9, 6),
(233, 'Instagram', 'Kit montado para mesa de doces', 140.85, 0.61, '2026-05-16 10:45:00', 1, '2026-05-02 10:45:00', '2026-05-02 10:45:00', 12, 2),
(234, 'Instagram', 'Cliente recorrente solicitou mesma paleta', 56.50, 0.35, '2026-05-16 11:20:00', 1, '2026-05-11 11:20:00', '2026-05-15 11:20:00', 9, 2),
(235, 'WhatsApp', 'Cliente pediu embalagem individual', 70.95, 0.29, '2026-05-30 14:20:00', 1, '2026-05-17 14:20:00', '2026-05-20 14:20:00', 35, 4),
(236, 'Cliente recorrente', 'Kit montado para mesa de doces', 284.70, 1.26, '2026-06-01 14:00:00', 1, '2026-05-24 14:00:00', '2026-05-29 14:00:00', 52, 6),
(237, 'WhatsApp', 'Cliente recorrente solicitou mesma paleta', 356.00, 2.38, '2026-05-15 11:20:00', 1, '2026-05-02 11:20:00', '2026-05-03 11:20:00', 38, 6),
(238, 'Instagram', 'Prazo combinado por WhatsApp', 168.95, 0.97, '2026-05-18 15:00:00', 1, '2026-05-09 15:00:00', '2026-05-13 15:00:00', 39, 4),
(239, 'Instagram', 'Cliente recorrente solicitou mesma paleta', 486.90, 2.04, '2026-05-23 09:00:00', 1, '2026-05-16 09:00:00', '2026-05-16 09:00:00', 16, 6),
(240, 'WhatsApp', 'Pedido para festa infantil no fim de semana', 24.90, 0.10, '2026-05-29 14:20:00', 1, '2026-05-21 14:20:00', '2026-05-24 14:20:00', 47, 2),
(241, 'WhatsApp', 'Brinde para equipe em evento interno', 199.20, 0.76, '2026-06-11 09:20:00', 1, '2026-05-30 09:20:00', '2026-06-04 09:20:00', 18, 1),
(242, 'Instagram', 'Brinde para equipe em evento interno', 879.10, 3.27, '2026-05-12 15:35:00', 1, '2026-05-04 15:35:00', '2026-05-06 15:35:00', 1, 4),
(243, 'WhatsApp', 'Prazo combinado por WhatsApp', 547.80, 2.09, '2026-05-20 11:00:00', 1, '2026-05-11 11:00:00', '2026-05-16 11:00:00', 15, 2),
(244, 'WhatsApp', 'Pedido para festa infantil no fim de semana', 149.20, 0.65, '2026-05-30 09:20:00', 1, '2026-05-18 09:20:00', '2026-05-18 09:20:00', 26, 5),
(245, 'Indicacao', 'Prazo combinado por WhatsApp', 283.80, 1.14, '2026-06-08 11:45:00', 1, '2026-05-26 11:45:00', '2026-05-29 11:45:00', 10, 1),
(246, 'Cliente recorrente', 'Kit montado para mesa de doces', 154.00, 0.99, '2026-05-11 09:20:00', 1, '2026-05-01 09:20:00', '2026-05-05 09:20:00', 19, 3),
(247, 'WhatsApp', 'Arte aprovada pelo cliente sem alteracoes', 100.00, 0.56, '2026-05-20 14:00:00', 1, '2026-05-09 14:00:00', '2026-05-13 14:00:00', 16, 3),
(248, 'Cliente recorrente', 'Pedido com retirada no atelie', 257.50, 1.10, '2026-05-26 16:35:00', 1, '2026-05-17 16:35:00', '2026-05-17 16:35:00', 3, 2),
(249, 'Instagram', 'Cliente recorrente solicitou mesma paleta', 249.00, 0.95, '2026-05-26 10:10:00', 1, '2026-05-21 10:10:00', '2026-05-23 10:10:00', 48, 3),
(250, 'Cliente recorrente', 'Pedido para lembrancinhas de escola', 305.40, 1.86, '2026-06-03 10:35:00', 1, '2026-05-28 10:35:00', '2026-05-28 10:35:00', 21, 3),
(251, 'Instagram', 'Cliente recorrente solicitou mesma paleta', 322.50, 2.12, '2026-06-09 15:00:00', 1, '2026-06-02 15:00:00', '2026-06-07 15:00:00', 34, 6),
(252, 'WhatsApp', 'Prazo combinado por WhatsApp', 622.50, 2.38, '2026-06-16 14:35:00', 1, '2026-06-02 14:35:00', '2026-06-04 14:35:00', 3, 3),
(253, 'WhatsApp', 'Pedido para festa infantil no fim de semana', 249.48, 1.31, '2026-06-16 23:59:59', 1, '2026-06-07 16:35:00', '2026-06-12 16:35:00', 2, 5),
(254, 'Instagram', 'Prazo combinado por WhatsApp', 195.30, 1.22, '2026-06-13 23:59:59', 1, '2026-06-05 09:00:00', '2026-06-05 09:00:00', 4, 3),
(255, 'Indicacao', 'Pedido com retirada no atelie', 933.30, 3.84, '2026-06-16 23:59:59', 1, '2026-06-02 15:45:00', '2026-06-03 15:45:00', 1, 1),
(256, 'Instagram', 'Pedido para festa infantil no fim de semana', 997.05, 3.70, '2026-06-15 23:59:59', 1, '2026-06-03 14:10:00', '2026-06-04 14:10:00', 50, 3),
(257, 'Instagram', 'Brinde para equipe em evento interno', 96.94, 0.57, '2026-06-12 23:59:59', 1, '2026-06-09 14:20:00', '2026-06-09 14:20:00', 19, 3),
(258, 'Indicacao', 'Pedido para festa infantil no fim de semana', 94.90, 0.42, '2026-06-09 23:59:59', 1, '2026-06-08 16:45:00', '2026-06-11 16:45:00', 44, 6),
(259, 'Cliente recorrente', 'Pedido para lembrancinhas de escola', 124.50, 0.47, '2026-06-12 23:59:59', 1, '2026-06-05 10:10:00', '2026-06-09 10:10:00', 50, 6),
(260, 'Cliente recorrente', 'Brinde para equipe em evento interno', 338.91, 1.76, '2026-06-09 23:59:59', 1, '2026-06-01 09:20:00', '2026-06-03 09:20:00', 17, 5),
(261, 'Instagram', 'Pedido para lembrancinhas de escola', 1030.80, 3.99, '2026-06-18 23:59:59', 1, '2026-06-09 16:20:00', '2026-06-14 16:20:00', 17, 5),
(262, 'Instagram', 'Entrega via motoboy agendada', 339.00, 2.10, '2026-06-16 23:59:59', 1, '2026-06-06 15:20:00', '2026-06-07 15:20:00', 12, 5),
(263, 'WhatsApp', 'Personalizacao com nome e idade', 62.50, 0.35, '2026-06-09 23:59:59', 1, '2026-06-04 09:10:00', '2026-06-05 09:10:00', 14, 6),
(264, 'Cliente recorrente', 'Personalizacao com nome e idade', 542.70, 2.04, '2026-06-10 23:59:59', 1, '2026-06-02 14:20:00', '2026-06-02 14:20:00', 12, 3),
(265, 'Instagram', 'Arte aprovada pelo cliente sem alteracoes', 130.30, 0.60, '2026-06-10 11:00:00', 1, '2026-06-03 11:00:00', '2026-06-07 11:00:00', 27, 2);

INSERT INTO pedido_status_pedido (id, status_atual, created_at, updated_at, pedido_id, status_id) VALUES
(1, 0, '2026-01-07 16:20:00', '2026-01-08 16:20:00', 1, 1),
(2, 0, '2026-01-08 16:20:00', '2026-01-11 16:20:00', 1, 2),
(3, 0, '2026-01-12 16:20:00', '2026-01-13 16:20:00', 1, 3),
(4, 1, '2026-01-14 16:20:00', '2026-01-14 16:20:00', 1, 4),
(5, 0, '2026-01-14 14:35:00', '2026-01-15 14:35:00', 2, 1),
(6, 0, '2026-01-15 14:35:00', '2026-01-22 14:35:00', 2, 2),
(7, 0, '2026-01-23 14:35:00', '2026-01-24 14:35:00', 2, 3),
(8, 1, '2026-01-25 14:35:00', '2026-01-25 14:35:00', 2, 4),
(9, 0, '2026-01-20 15:20:00', '2026-01-21 15:20:00', 3, 1),
(10, 1, '2026-01-23 15:20:00', '2026-01-23 15:20:00', 3, 5),
(11, 0, '2026-01-25 10:10:00', '2026-01-26 10:10:00', 4, 1),
(12, 0, '2026-01-26 10:10:00', '2026-01-30 10:10:00', 4, 2),
(13, 0, '2026-01-31 10:10:00', '2026-02-01 10:10:00', 4, 3),
(14, 1, '2026-02-02 10:10:00', '2026-02-02 10:10:00', 4, 4),
(15, 0, '2026-01-04 14:00:00', '2026-01-05 14:00:00', 5, 1),
(16, 0, '2026-01-05 14:00:00', '2026-01-13 14:00:00', 5, 2),
(17, 0, '2026-01-14 14:00:00', '2026-01-15 14:00:00', 5, 3),
(18, 1, '2026-01-16 14:00:00', '2026-01-16 14:00:00', 5, 4),
(19, 0, '2026-01-08 16:20:00', '2026-01-09 16:20:00', 6, 1),
(20, 1, '2026-01-11 16:20:00', '2026-01-11 16:20:00', 6, 5),
(21, 0, '2026-01-17 11:35:00', '2026-01-18 11:35:00', 7, 1),
(22, 0, '2026-01-18 11:35:00', '2026-01-20 11:35:00', 7, 2),
(23, 0, '2026-01-21 11:35:00', '2026-01-22 11:35:00', 7, 3),
(24, 1, '2026-01-23 11:35:00', '2026-01-23 11:35:00', 7, 4),
(25, 0, '2026-01-22 11:45:00', '2026-01-23 11:45:00', 8, 1),
(26, 0, '2026-01-23 11:45:00', '2026-01-29 11:45:00', 8, 2),
(27, 0, '2026-01-30 11:45:00', '2026-01-31 11:45:00', 8, 3),
(28, 1, '2026-02-01 11:45:00', '2026-02-01 11:45:00', 8, 4),
(29, 0, '2026-01-01 15:10:00', '2026-01-02 15:10:00', 9, 1),
(30, 0, '2026-01-02 15:10:00', '2026-01-04 15:10:00', 9, 2),
(31, 0, '2026-01-07 11:10:00', '2026-01-08 11:10:00', 10, 1),
(32, 0, '2026-01-08 11:10:00', '2026-01-12 11:10:00', 10, 2),
(33, 0, '2026-01-13 11:10:00', '2026-01-14 11:10:00', 10, 3),
(34, 1, '2026-01-15 11:10:00', '2026-01-15 11:10:00', 10, 4),
(35, 0, '2026-01-15 09:45:00', '2026-01-16 09:45:00', 11, 1),
(36, 0, '2026-01-16 09:45:00', '2026-01-26 09:45:00', 11, 2),
(37, 0, '2026-01-22 11:00:00', '2026-01-23 11:00:00', 12, 1),
(38, 0, '2026-01-23 11:00:00', '2026-01-29 11:00:00', 12, 2),
(39, 0, '2026-01-30 11:00:00', '2026-01-31 11:00:00', 12, 3),
(40, 1, '2026-02-01 11:00:00', '2026-02-01 11:00:00', 12, 4),
(41, 0, '2026-01-27 14:20:00', '2026-01-28 14:20:00', 13, 1),
(42, 0, '2026-01-28 14:20:00', '2026-02-06 14:20:00', 13, 2),
(43, 0, '2026-02-07 14:20:00', '2026-02-08 14:20:00', 13, 3),
(44, 1, '2026-02-09 14:20:00', '2026-02-09 14:20:00', 13, 4),
(45, 0, '2026-01-02 09:20:00', '2026-01-03 09:20:00', 14, 1),
(46, 0, '2026-01-03 09:20:00', '2026-01-08 09:20:00', 14, 2),
(47, 0, '2026-01-09 09:20:00', '2026-01-10 09:20:00', 14, 3),
(48, 1, '2026-01-11 09:20:00', '2026-01-11 09:20:00', 14, 4),
(49, 0, '2026-01-12 10:10:00', '2026-01-13 10:10:00', 15, 1),
(50, 1, '2026-01-15 10:10:00', '2026-01-15 10:10:00', 15, 5),
(51, 0, '2026-01-19 10:00:00', '2026-01-20 10:00:00', 16, 1),
(52, 0, '2026-01-20 10:00:00', '2026-01-28 10:00:00', 16, 2),
(53, 0, '2026-01-29 10:00:00', '2026-01-30 10:00:00', 16, 3),
(54, 1, '2026-01-31 10:00:00', '2026-01-31 10:00:00', 16, 4),
(55, 0, '2026-01-26 11:45:00', '2026-01-27 11:45:00', 17, 1),
(56, 0, '2026-01-27 11:45:00', '2026-02-06 11:45:00', 17, 2),
(57, 0, '2026-02-07 11:45:00', '2026-02-08 11:45:00', 17, 3),
(58, 1, '2026-02-09 11:45:00', '2026-02-09 11:45:00', 17, 4),
(59, 0, '2026-01-31 14:45:00', '2026-02-01 14:45:00', 18, 1),
(60, 0, '2026-02-01 14:45:00', '2026-02-05 14:45:00', 18, 2),
(61, 0, '2026-02-06 14:45:00', '2026-02-07 14:45:00', 18, 3),
(62, 1, '2026-02-08 14:45:00', '2026-02-08 14:45:00', 18, 4),
(63, 0, '2026-01-07 10:45:00', '2026-01-08 10:45:00', 19, 1),
(64, 0, '2026-01-08 10:45:00', '2026-01-18 10:45:00', 19, 2),
(65, 0, '2026-01-13 14:00:00', '2026-01-14 14:00:00', 20, 1),
(66, 0, '2026-01-14 14:00:00', '2026-01-21 14:00:00', 20, 2),
(67, 0, '2026-01-22 14:00:00', '2026-01-23 14:00:00', 20, 3),
(68, 1, '2026-01-24 14:00:00', '2026-01-24 14:00:00', 20, 4),
(69, 0, '2026-01-20 15:35:00', '2026-01-21 15:35:00', 21, 1),
(70, 0, '2026-01-21 15:35:00', '2026-01-26 15:35:00', 21, 2),
(71, 0, '2026-01-27 15:35:00', '2026-01-28 15:35:00', 21, 3),
(72, 1, '2026-01-29 15:35:00', '2026-01-29 15:35:00', 21, 4),
(73, 0, '2026-01-27 11:45:00', '2026-01-28 11:45:00', 22, 1),
(74, 0, '2026-01-28 11:45:00', '2026-01-30 11:45:00', 22, 2),
(75, 0, '2026-01-05 10:10:00', '2026-01-06 10:10:00', 23, 1),
(76, 0, '2026-01-06 10:10:00', '2026-01-08 10:10:00', 23, 2),
(77, 0, '2026-01-09 10:10:00', '2026-01-10 10:10:00', 23, 3),
(78, 1, '2026-01-11 10:10:00', '2026-01-11 10:10:00', 23, 4),
(79, 0, '2026-01-11 15:00:00', '2026-01-12 15:00:00', 24, 1),
(80, 0, '2026-01-12 15:00:00', '2026-01-19 15:00:00', 24, 2),
(81, 1, '2026-01-20 15:00:00', '2026-01-21 15:00:00', 24, 3),
(82, 0, '2026-01-17 14:00:00', '2026-01-18 14:00:00', 25, 1),
(83, 0, '2026-01-18 14:00:00', '2026-01-28 14:00:00', 25, 2),
(84, 0, '2026-01-29 14:00:00', '2026-01-30 14:00:00', 25, 3),
(85, 1, '2026-01-31 14:00:00', '2026-01-31 14:00:00', 25, 4),
(86, 0, '2026-01-24 16:00:00', '2026-01-25 16:00:00', 26, 1),
(87, 0, '2026-01-25 16:00:00', '2026-02-04 16:00:00', 26, 2),
(88, 0, '2026-02-05 16:00:00', '2026-02-06 16:00:00', 26, 3),
(89, 1, '2026-02-07 16:00:00', '2026-02-07 16:00:00', 26, 4),
(90, 0, '2026-01-31 15:20:00', '2026-02-01 15:20:00', 27, 1),
(91, 0, '2026-02-01 15:20:00', '2026-02-03 15:20:00', 27, 2),
(92, 0, '2026-01-07 16:45:00', '2026-01-08 16:45:00', 28, 1),
(93, 0, '2026-01-08 16:45:00', '2026-01-18 16:45:00', 28, 2),
(94, 0, '2026-01-19 16:45:00', '2026-01-20 16:45:00', 28, 3),
(95, 1, '2026-01-21 16:45:00', '2026-01-21 16:45:00', 28, 4),
(96, 0, '2026-02-07 14:20:00', '2026-02-08 14:20:00', 29, 1),
(97, 0, '2026-02-08 14:20:00', '2026-02-18 14:20:00', 29, 2),
(98, 0, '2026-02-19 14:20:00', '2026-02-20 14:20:00', 29, 3),
(99, 1, '2026-02-21 14:20:00', '2026-02-21 14:20:00', 29, 4),
(100, 0, '2026-02-14 10:45:00', '2026-02-15 10:45:00', 30, 1),
(101, 0, '2026-02-15 10:45:00', '2026-02-20 10:45:00', 30, 2),
(102, 0, '2026-02-21 10:45:00', '2026-02-22 10:45:00', 30, 3),
(103, 1, '2026-02-23 10:45:00', '2026-02-23 10:45:00', 30, 4),
(104, 0, '2026-02-21 11:35:00', '2026-02-22 11:35:00', 31, 1),
(105, 0, '2026-02-22 11:35:00', '2026-02-26 11:35:00', 31, 2),
(106, 0, '2026-02-27 11:35:00', '2026-02-28 11:35:00', 31, 3),
(107, 1, '2026-03-01 11:35:00', '2026-03-01 11:35:00', 31, 4),
(108, 0, '2026-02-03 15:35:00', '2026-02-04 15:35:00', 32, 1),
(109, 0, '2026-02-04 15:35:00', '2026-02-13 15:35:00', 32, 2),
(110, 0, '2026-02-14 15:35:00', '2026-02-15 15:35:00', 32, 3),
(111, 1, '2026-02-16 15:35:00', '2026-02-16 15:35:00', 32, 4),
(112, 0, '2026-02-10 09:00:00', '2026-02-11 09:00:00', 33, 1),
(113, 0, '2026-02-11 09:00:00', '2026-02-12 09:00:00', 33, 2),
(114, 0, '2026-02-13 09:00:00', '2026-02-14 09:00:00', 33, 3),
(115, 1, '2026-02-15 09:00:00', '2026-02-15 09:00:00', 33, 4),
(116, 0, '2026-02-16 09:45:00', '2026-02-17 09:45:00', 34, 1),
(117, 0, '2026-02-17 09:45:00', '2026-02-18 09:45:00', 34, 2),
(118, 0, '2026-02-19 09:45:00', '2026-02-20 09:45:00', 34, 3),
(119, 0, '2026-02-21 09:45:00', '2026-02-21 09:45:00', 34, 4),
(120, 1, '2026-06-04 10:00:00', '2026-06-05 10:00:00', 34, 2),
(121, 0, '2026-02-23 14:00:00', '2026-02-24 14:00:00', 35, 1),
(122, 0, '2026-02-24 14:00:00', '2026-03-05 14:00:00', 35, 2),
(123, 0, '2026-03-06 14:00:00', '2026-03-07 14:00:00', 35, 3),
(124, 1, '2026-03-08 14:00:00', '2026-03-08 14:00:00', 35, 4),
(125, 0, '2026-02-28 15:00:00', '2026-03-01 15:00:00', 36, 1),
(126, 0, '2026-03-01 15:00:00', '2026-03-10 15:00:00', 36, 2),
(127, 0, '2026-03-11 15:00:00', '2026-03-12 15:00:00', 36, 3),
(128, 1, '2026-03-13 15:00:00', '2026-03-13 15:00:00', 36, 4),
(129, 0, '2026-02-08 10:20:00', '2026-02-09 10:20:00', 37, 1),
(130, 0, '2026-02-09 10:20:00', '2026-02-11 10:20:00', 37, 2),
(131, 0, '2026-02-12 10:20:00', '2026-02-13 10:20:00', 37, 3),
(132, 1, '2026-02-14 10:20:00', '2026-02-14 10:20:00', 37, 4),
(133, 1, '2026-02-14 16:20:00', '2026-02-14 16:20:00', 38, 1),
(134, 0, '2026-02-24 11:00:00', '2026-02-25 11:00:00', 39, 1),
(135, 0, '2026-02-25 11:00:00', '2026-02-27 11:00:00', 39, 2),
(136, 1, '2026-02-28 11:00:00', '2026-03-01 11:00:00', 39, 3),
(137, 0, '2026-02-03 14:20:00', '2026-02-04 14:20:00', 40, 1),
(138, 0, '2026-02-04 14:20:00', '2026-02-05 14:20:00', 40, 2),
(139, 0, '2026-02-06 14:20:00', '2026-02-07 14:20:00', 40, 3),
(140, 0, '2026-02-08 14:20:00', '2026-02-08 14:20:00', 40, 4),
(141, 1, '2026-06-03 10:00:00', '2026-06-04 10:00:00', 40, 2),
(142, 1, '2026-02-07 14:10:00', '2026-02-07 14:10:00', 41, 1),
(143, 0, '2026-02-17 14:45:00', '2026-02-18 14:45:00', 42, 1),
(144, 0, '2026-02-18 14:45:00', '2026-02-26 14:45:00', 42, 2),
(145, 1, '2026-02-24 09:20:00', '2026-02-24 09:20:00', 43, 1),
(146, 0, '2026-02-28 09:45:00', '2026-03-01 09:45:00', 44, 1),
(147, 0, '2026-03-01 09:45:00', '2026-03-05 09:45:00', 44, 2),
(148, 0, '2026-03-06 09:45:00', '2026-03-07 09:45:00', 44, 3),
(149, 1, '2026-03-08 09:45:00', '2026-03-08 09:45:00', 44, 4),
(150, 0, '2026-02-07 16:20:00', '2026-02-08 16:20:00', 45, 1),
(151, 0, '2026-02-08 16:20:00', '2026-02-16 16:20:00', 45, 2),
(152, 0, '2026-02-17 16:20:00', '2026-02-18 16:20:00', 45, 3),
(153, 1, '2026-02-19 16:20:00', '2026-02-19 16:20:00', 45, 4),
(154, 0, '2026-02-14 14:45:00', '2026-02-15 14:45:00', 46, 1),
(155, 0, '2026-02-15 14:45:00', '2026-02-22 14:45:00', 46, 2),
(156, 0, '2026-02-23 14:45:00', '2026-02-24 14:45:00', 46, 3),
(157, 1, '2026-02-25 14:45:00', '2026-02-25 14:45:00', 46, 4),
(158, 0, '2026-02-22 10:35:00', '2026-02-23 10:35:00', 47, 1),
(159, 0, '2026-02-23 10:35:00', '2026-02-27 10:35:00', 47, 2),
(160, 0, '2026-02-28 10:35:00', '2026-03-01 10:35:00', 47, 3),
(161, 1, '2026-03-02 10:35:00', '2026-03-02 10:35:00', 47, 4),
(162, 0, '2026-02-02 16:00:00', '2026-02-03 16:00:00', 48, 1),
(163, 0, '2026-02-03 16:00:00', '2026-02-12 16:00:00', 48, 2),
(164, 0, '2026-02-09 11:35:00', '2026-02-10 11:35:00', 49, 1),
(165, 0, '2026-02-10 11:35:00', '2026-02-15 11:35:00', 49, 2),
(166, 0, '2026-02-16 11:35:00', '2026-02-17 11:35:00', 49, 3),
(167, 1, '2026-02-18 11:35:00', '2026-02-18 11:35:00', 49, 4),
(168, 0, '2026-02-16 15:35:00', '2026-02-17 15:35:00', 50, 1),
(169, 0, '2026-02-17 15:35:00', '2026-02-25 15:35:00', 50, 2),
(170, 0, '2026-02-26 15:35:00', '2026-02-27 15:35:00', 50, 3),
(171, 0, '2026-02-28 15:35:00', '2026-02-28 15:35:00', 50, 4),
(172, 1, '2026-06-03 10:00:00', '2026-06-04 10:00:00', 50, 2),
(173, 0, '2026-02-23 14:45:00', '2026-02-24 14:45:00', 51, 1),
(174, 0, '2026-02-24 14:45:00', '2026-03-01 14:45:00', 51, 2),
(175, 0, '2026-03-02 14:45:00', '2026-03-03 14:45:00', 51, 3),
(176, 1, '2026-03-04 14:45:00', '2026-03-04 14:45:00', 51, 4),
(177, 0, '2026-02-28 16:35:00', '2026-03-01 16:35:00', 52, 1),
(178, 0, '2026-03-01 16:35:00', '2026-03-11 16:35:00', 52, 2),
(179, 1, '2026-03-12 16:35:00', '2026-03-13 16:35:00', 52, 3),
(180, 0, '2026-02-08 14:10:00', '2026-02-09 14:10:00', 53, 1),
(181, 1, '2026-02-10 14:10:00', '2026-02-10 14:10:00', 53, 5),
(182, 0, '2026-02-15 14:00:00', '2026-02-16 14:00:00', 54, 1),
(183, 0, '2026-02-16 14:00:00', '2026-02-22 14:00:00', 54, 2),
(184, 1, '2026-02-23 14:00:00', '2026-02-24 14:00:00', 54, 3),
(185, 0, '2026-02-23 15:00:00', '2026-02-24 15:00:00', 55, 1),
(186, 0, '2026-02-24 15:00:00', '2026-03-05 15:00:00', 55, 2),
(187, 0, '2026-03-06 15:00:00', '2026-03-07 15:00:00', 55, 3),
(188, 1, '2026-03-08 15:00:00', '2026-03-08 15:00:00', 55, 4),
(189, 0, '2026-02-28 16:10:00', '2026-03-01 16:10:00', 56, 1),
(190, 0, '2026-03-01 16:10:00', '2026-03-02 16:10:00', 56, 2),
(191, 0, '2026-03-03 16:10:00', '2026-03-04 16:10:00', 56, 3),
(192, 1, '2026-03-05 16:10:00', '2026-03-05 16:10:00', 56, 4),
(193, 0, '2026-02-08 10:10:00', '2026-02-09 10:10:00', 57, 1),
(194, 0, '2026-02-09 10:10:00', '2026-02-12 10:10:00', 57, 2),
(195, 0, '2026-02-13 10:10:00', '2026-02-14 10:10:00', 57, 3),
(196, 1, '2026-02-15 10:10:00', '2026-02-15 10:10:00', 57, 4),
(197, 0, '2026-02-14 16:00:00', '2026-02-15 16:00:00', 58, 1),
(198, 0, '2026-02-15 16:00:00', '2026-02-25 16:00:00', 58, 2),
(199, 0, '2026-02-26 16:00:00', '2026-02-27 16:00:00', 58, 3),
(200, 1, '2026-02-28 16:00:00', '2026-02-28 16:00:00', 58, 4),
(201, 0, '2026-02-22 09:20:00', '2026-02-23 09:20:00', 59, 1),
(202, 0, '2026-02-23 09:20:00', '2026-03-01 09:20:00', 59, 2),
(203, 0, '2026-03-02 09:20:00', '2026-03-03 09:20:00', 59, 3),
(204, 1, '2026-03-04 09:20:00', '2026-03-04 09:20:00', 59, 4),
(205, 0, '2026-02-02 09:45:00', '2026-02-03 09:45:00', 60, 1),
(206, 0, '2026-02-03 09:45:00', '2026-02-07 09:45:00', 60, 2),
(207, 0, '2026-02-08 09:45:00', '2026-02-09 09:45:00', 60, 3),
(208, 1, '2026-02-10 09:45:00', '2026-02-10 09:45:00', 60, 4),
(209, 0, '2026-02-10 14:35:00', '2026-02-11 14:35:00', 61, 1),
(210, 0, '2026-02-11 14:35:00', '2026-02-17 14:35:00', 61, 2),
(211, 0, '2026-02-17 14:45:00', '2026-02-18 14:45:00', 62, 1),
(212, 0, '2026-02-18 14:45:00', '2026-02-26 14:45:00', 62, 2),
(213, 0, '2026-02-27 14:45:00', '2026-02-28 14:45:00', 62, 3),
(214, 1, '2026-03-01 14:45:00', '2026-03-01 14:45:00', 62, 4),
(215, 0, '2026-02-21 14:35:00', '2026-02-22 14:35:00', 63, 1),
(216, 0, '2026-02-22 14:35:00', '2026-02-23 14:35:00', 63, 2),
(217, 1, '2026-02-24 14:35:00', '2026-02-25 14:35:00', 63, 3),
(218, 0, '2026-02-03 15:10:00', '2026-02-04 15:10:00', 64, 1),
(219, 0, '2026-02-04 15:10:00', '2026-02-07 15:10:00', 64, 2),
(220, 0, '2026-02-08 15:10:00', '2026-02-09 15:10:00', 64, 3),
(221, 1, '2026-02-10 15:10:00', '2026-02-10 15:10:00', 64, 4),
(222, 0, '2026-03-11 11:10:00', '2026-03-12 11:10:00', 65, 1),
(223, 0, '2026-03-12 11:10:00', '2026-03-14 11:10:00', 65, 2),
(224, 0, '2026-03-15 11:10:00', '2026-03-16 11:10:00', 65, 3),
(225, 1, '2026-03-17 11:10:00', '2026-03-17 11:10:00', 65, 4),
(226, 0, '2026-03-19 15:35:00', '2026-03-20 15:35:00', 66, 1),
(227, 0, '2026-03-20 15:35:00', '2026-03-28 15:35:00', 66, 2),
(228, 0, '2026-03-24 09:20:00', '2026-03-25 09:20:00', 67, 1),
(229, 0, '2026-03-25 09:20:00', '2026-03-28 09:20:00', 67, 2),
(230, 1, '2026-03-29 09:20:00', '2026-03-30 09:20:00', 67, 3),
(231, 0, '2026-03-31 16:10:00', '2026-04-01 16:10:00', 68, 1),
(232, 0, '2026-04-01 16:10:00', '2026-04-09 16:10:00', 68, 2),
(233, 0, '2026-04-10 16:10:00', '2026-04-11 16:10:00', 68, 3),
(234, 1, '2026-04-12 16:10:00', '2026-04-12 16:10:00', 68, 4),
(235, 1, '2026-03-08 15:20:00', '2026-03-08 15:20:00', 69, 1),
(236, 0, '2026-03-17 15:35:00', '2026-03-18 15:35:00', 70, 1),
(237, 0, '2026-03-18 15:35:00', '2026-03-20 15:35:00', 70, 2),
(238, 0, '2026-03-21 15:35:00', '2026-03-22 15:35:00', 70, 3),
(239, 1, '2026-03-23 15:35:00', '2026-03-23 15:35:00', 70, 4),
(240, 0, '2026-03-24 16:20:00', '2026-03-25 16:20:00', 71, 1),
(241, 0, '2026-03-25 16:20:00', '2026-03-26 16:20:00', 71, 2),
(242, 0, '2026-03-27 16:20:00', '2026-03-28 16:20:00', 71, 3),
(243, 1, '2026-03-29 16:20:00', '2026-03-29 16:20:00', 71, 4),
(244, 0, '2026-03-31 16:35:00', '2026-04-01 16:35:00', 72, 1),
(245, 0, '2026-04-01 16:35:00', '2026-04-07 16:35:00', 72, 2),
(246, 0, '2026-04-08 16:35:00', '2026-04-09 16:35:00', 72, 3),
(247, 1, '2026-04-10 16:35:00', '2026-04-10 16:35:00', 72, 4),
(248, 0, '2026-03-07 16:00:00', '2026-03-08 16:00:00', 73, 1),
(249, 0, '2026-03-08 16:00:00', '2026-03-16 16:00:00', 73, 2),
(250, 0, '2026-03-11 10:45:00', '2026-03-12 10:45:00', 74, 1),
(251, 1, '2026-03-12 10:45:00', '2026-03-12 10:45:00', 74, 5),
(252, 0, '2026-03-18 09:35:00', '2026-03-19 09:35:00', 75, 1),
(253, 0, '2026-03-19 09:35:00', '2026-03-25 09:35:00', 75, 2),
(254, 0, '2026-03-26 09:35:00', '2026-03-27 09:35:00', 75, 3),
(255, 1, '2026-03-28 09:35:00', '2026-03-28 09:35:00', 75, 4),
(256, 0, '2026-03-26 09:10:00', '2026-03-27 09:10:00', 76, 1),
(257, 0, '2026-03-27 09:10:00', '2026-03-31 09:10:00', 76, 2),
(258, 0, '2026-04-01 09:10:00', '2026-04-02 09:10:00', 76, 3),
(259, 1, '2026-04-03 09:10:00', '2026-04-03 09:10:00', 76, 4),
(260, 0, '2026-03-02 16:10:00', '2026-03-03 16:10:00', 77, 1),
(261, 0, '2026-03-03 16:10:00', '2026-03-08 16:10:00', 77, 2),
(262, 0, '2026-03-09 16:10:00', '2026-03-10 16:10:00', 77, 3),
(263, 1, '2026-03-11 16:10:00', '2026-03-11 16:10:00', 77, 4),
(264, 0, '2026-03-08 11:20:00', '2026-03-09 11:20:00', 78, 1),
(265, 0, '2026-03-09 11:20:00', '2026-03-10 11:20:00', 78, 2),
(266, 0, '2026-03-11 11:20:00', '2026-03-12 11:20:00', 78, 3),
(267, 1, '2026-03-13 11:20:00', '2026-03-13 11:20:00', 78, 4),
(268, 0, '2026-03-16 14:45:00', '2026-03-17 14:45:00', 79, 1),
(269, 0, '2026-03-17 14:45:00', '2026-03-19 14:45:00', 79, 2),
(270, 0, '2026-03-20 14:45:00', '2026-03-21 14:45:00', 79, 3),
(271, 1, '2026-03-22 14:45:00', '2026-03-22 14:45:00', 79, 4),
(272, 0, '2026-03-22 10:00:00', '2026-03-23 10:00:00', 80, 1),
(273, 1, '2026-03-23 10:00:00', '2026-03-29 10:00:00', 80, 2),
(274, 0, '2026-03-31 10:35:00', '2026-04-01 10:35:00', 81, 1),
(275, 0, '2026-04-01 10:35:00', '2026-04-09 10:35:00', 81, 2),
(276, 0, '2026-04-10 10:35:00', '2026-04-11 10:35:00', 81, 3),
(277, 1, '2026-04-12 10:35:00', '2026-04-12 10:35:00', 81, 4),
(278, 0, '2026-03-05 15:35:00', '2026-03-06 15:35:00', 82, 1),
(279, 0, '2026-03-06 15:35:00', '2026-03-13 15:35:00', 82, 2),
(280, 0, '2026-03-14 15:35:00', '2026-03-15 15:35:00', 82, 3),
(281, 1, '2026-03-16 15:35:00', '2026-03-16 15:35:00', 82, 4),
(282, 0, '2026-03-13 11:45:00', '2026-03-14 11:45:00', 83, 1),
(283, 0, '2026-03-14 11:45:00', '2026-03-24 11:45:00', 83, 2),
(284, 0, '2026-03-25 11:45:00', '2026-03-26 11:45:00', 83, 3),
(285, 0, '2026-03-27 11:45:00', '2026-03-27 11:45:00', 83, 4),
(286, 1, '2026-06-04 10:00:00', '2026-06-06 10:00:00', 83, 2),
(287, 0, '2026-03-19 15:20:00', '2026-03-20 15:20:00', 84, 1),
(288, 1, '2026-03-20 15:20:00', '2026-03-28 15:20:00', 84, 2),
(289, 0, '2026-03-27 11:00:00', '2026-03-28 11:00:00', 85, 1),
(290, 0, '2026-03-28 11:00:00', '2026-04-03 11:00:00', 85, 2),
(291, 0, '2026-04-04 11:00:00', '2026-04-05 11:00:00', 85, 3),
(292, 1, '2026-04-06 11:00:00', '2026-04-06 11:00:00', 85, 4),
(293, 0, '2026-03-04 16:20:00', '2026-03-05 16:20:00', 86, 1),
(294, 0, '2026-03-05 16:20:00', '2026-03-15 16:20:00', 86, 2),
(295, 1, '2026-03-16 16:20:00', '2026-03-17 16:20:00', 86, 3),
(296, 0, '2026-03-11 15:00:00', '2026-03-12 15:00:00', 87, 1),
(297, 0, '2026-03-12 15:00:00', '2026-03-15 15:00:00', 87, 2),
(298, 0, '2026-03-16 15:00:00', '2026-03-17 15:00:00', 87, 3),
(299, 1, '2026-03-18 15:00:00', '2026-03-18 15:00:00', 87, 4),
(300, 0, '2026-03-16 10:20:00', '2026-03-17 10:20:00', 88, 1),
(301, 0, '2026-03-17 10:20:00', '2026-03-20 10:20:00', 88, 2),
(302, 0, '2026-03-21 10:20:00', '2026-03-22 10:20:00', 88, 3),
(303, 1, '2026-03-23 10:20:00', '2026-03-23 10:20:00', 88, 4),
(304, 0, '2026-03-26 09:00:00', '2026-03-27 09:00:00', 89, 1),
(305, 0, '2026-03-27 09:00:00', '2026-04-03 09:00:00', 89, 2),
(306, 0, '2026-04-04 09:00:00', '2026-04-05 09:00:00', 89, 3),
(307, 1, '2026-04-06 09:00:00', '2026-04-06 09:00:00', 89, 4),
(308, 0, '2026-03-31 09:35:00', '2026-04-01 09:35:00', 90, 1),
(309, 0, '2026-04-01 09:35:00', '2026-04-11 09:35:00', 90, 2),
(310, 0, '2026-04-12 09:35:00', '2026-04-13 09:35:00', 90, 3),
(311, 1, '2026-04-14 09:35:00', '2026-04-14 09:35:00', 90, 4),
(312, 0, '2026-03-07 14:35:00', '2026-03-08 14:35:00', 91, 1),
(313, 0, '2026-03-08 14:35:00', '2026-03-12 14:35:00', 91, 2),
(314, 1, '2026-03-13 14:35:00', '2026-03-14 14:35:00', 91, 3),
(315, 0, '2026-03-14 16:35:00', '2026-03-15 16:35:00', 92, 1),
(316, 0, '2026-03-15 16:35:00', '2026-03-19 16:35:00', 92, 2),
(317, 0, '2026-03-20 16:35:00', '2026-03-21 16:35:00', 92, 3),
(318, 1, '2026-03-22 16:35:00', '2026-03-22 16:35:00', 92, 4),
(319, 0, '2026-03-23 11:45:00', '2026-03-24 11:45:00', 93, 1),
(320, 0, '2026-03-24 11:45:00', '2026-03-29 11:45:00', 93, 2),
(321, 0, '2026-03-30 11:45:00', '2026-03-31 11:45:00', 93, 3),
(322, 1, '2026-04-01 11:45:00', '2026-04-01 11:45:00', 93, 4),
(323, 0, '2026-03-30 15:35:00', '2026-03-31 15:35:00', 94, 1),
(324, 0, '2026-03-31 15:35:00', '2026-04-01 15:35:00', 94, 2),
(325, 0, '2026-04-02 15:35:00', '2026-04-03 15:35:00', 94, 3),
(326, 1, '2026-04-04 15:35:00', '2026-04-04 15:35:00', 94, 4),
(327, 0, '2026-03-05 14:00:00', '2026-03-06 14:00:00', 95, 1),
(328, 0, '2026-03-06 14:00:00', '2026-03-08 14:00:00', 95, 2),
(329, 0, '2026-03-09 14:00:00', '2026-03-10 14:00:00', 95, 3),
(330, 0, '2026-03-11 14:00:00', '2026-03-11 14:00:00', 95, 4),
(331, 1, '2026-06-03 10:00:00', '2026-06-04 10:00:00', 95, 2),
(332, 0, '2026-03-10 11:10:00', '2026-03-11 11:10:00', 96, 1),
(333, 1, '2026-03-12 11:10:00', '2026-03-12 11:10:00', 96, 5),
(334, 0, '2026-03-19 14:35:00', '2026-03-20 14:35:00', 97, 1),
(335, 0, '2026-03-20 14:35:00', '2026-03-21 14:35:00', 97, 2),
(336, 0, '2026-03-22 14:35:00', '2026-03-23 14:35:00', 97, 3),
(337, 1, '2026-03-24 14:35:00', '2026-03-24 14:35:00', 97, 4),
(338, 1, '2026-03-27 16:10:00', '2026-03-27 16:10:00', 98, 1),
(339, 0, '2026-03-31 14:35:00', '2026-04-01 14:35:00', 99, 1),
(340, 0, '2026-04-01 14:35:00', '2026-04-08 14:35:00', 99, 2),
(341, 0, '2026-04-09 14:35:00', '2026-04-10 14:35:00', 99, 3),
(342, 1, '2026-04-11 14:35:00', '2026-04-11 14:35:00', 99, 4),
(343, 0, '2026-03-07 15:00:00', '2026-03-08 15:00:00', 100, 1),
(344, 0, '2026-03-08 15:00:00', '2026-03-15 15:00:00', 100, 2),
(345, 0, '2026-03-16 15:00:00', '2026-03-17 15:00:00', 100, 3),
(346, 1, '2026-03-18 15:00:00', '2026-03-18 15:00:00', 100, 4),
(347, 0, '2026-03-14 09:00:00', '2026-03-15 09:00:00', 101, 1),
(348, 0, '2026-03-15 09:00:00', '2026-03-24 09:00:00', 101, 2),
(349, 0, '2026-03-25 09:00:00', '2026-03-26 09:00:00', 101, 3),
(350, 1, '2026-03-27 09:00:00', '2026-03-27 09:00:00', 101, 4),
(351, 0, '2026-03-21 15:20:00', '2026-03-22 15:20:00', 102, 1),
(352, 1, '2026-03-22 15:20:00', '2026-03-29 15:20:00', 102, 2),
(353, 0, '2026-03-30 15:35:00', '2026-03-31 15:35:00', 103, 1),
(354, 0, '2026-03-31 15:35:00', '2026-04-08 15:35:00', 103, 2),
(355, 0, '2026-04-09 15:35:00', '2026-04-10 15:35:00', 103, 3),
(356, 1, '2026-04-11 15:35:00', '2026-04-11 15:35:00', 103, 4),
(357, 0, '2026-03-04 11:35:00', '2026-03-05 11:35:00', 104, 1),
(358, 0, '2026-03-05 11:35:00', '2026-03-14 11:35:00', 104, 2),
(359, 0, '2026-03-15 11:35:00', '2026-03-16 11:35:00', 104, 3),
(360, 0, '2026-03-17 11:35:00', '2026-03-17 11:35:00', 104, 4),
(361, 1, '2026-06-02 10:00:00', '2026-06-04 10:00:00', 104, 2),
(362, 0, '2026-03-14 10:35:00', '2026-03-15 10:35:00', 105, 1),
(363, 0, '2026-03-15 10:35:00', '2026-03-17 10:35:00', 105, 2),
(364, 0, '2026-03-18 10:35:00', '2026-03-19 10:35:00', 105, 3),
(365, 1, '2026-03-20 10:35:00', '2026-03-20 10:35:00', 105, 4),
(366, 0, '2026-03-18 15:45:00', '2026-03-19 15:45:00', 106, 1),
(367, 1, '2026-03-20 15:45:00', '2026-03-20 15:45:00', 106, 5),
(368, 0, '2026-03-25 16:10:00', '2026-03-26 16:10:00', 107, 1),
(369, 0, '2026-03-26 16:10:00', '2026-03-30 16:10:00', 107, 2),
(370, 0, '2026-03-31 16:10:00', '2026-04-01 16:10:00', 107, 3),
(371, 1, '2026-04-02 16:10:00', '2026-04-02 16:10:00', 107, 4),
(372, 0, '2026-03-03 15:20:00', '2026-03-04 15:20:00', 108, 1),
(373, 0, '2026-03-04 15:20:00', '2026-03-13 15:20:00', 108, 2),
(374, 0, '2026-03-14 15:20:00', '2026-03-15 15:20:00', 108, 3),
(375, 1, '2026-03-16 15:20:00', '2026-03-16 15:20:00', 108, 4),
(376, 0, '2026-03-08 10:10:00', '2026-03-09 10:10:00', 109, 1),
(377, 0, '2026-03-09 10:10:00', '2026-03-12 10:10:00', 109, 2),
(378, 0, '2026-03-13 10:10:00', '2026-03-14 10:10:00', 109, 3),
(379, 1, '2026-03-15 10:10:00', '2026-03-15 10:10:00', 109, 4),
(380, 0, '2026-03-17 16:35:00', '2026-03-18 16:35:00', 110, 1),
(381, 1, '2026-03-18 16:35:00', '2026-03-18 16:35:00', 110, 5),
(382, 0, '2026-03-23 11:00:00', '2026-03-24 11:00:00', 111, 1),
(383, 0, '2026-03-24 11:00:00', '2026-03-26 11:00:00', 111, 2),
(384, 0, '2026-03-27 11:00:00', '2026-03-28 11:00:00', 111, 3),
(385, 1, '2026-03-29 11:00:00', '2026-03-29 11:00:00', 111, 4),
(386, 0, '2026-03-31 16:00:00', '2026-04-01 16:00:00', 112, 1),
(387, 0, '2026-04-01 16:00:00', '2026-04-04 16:00:00', 112, 2),
(388, 0, '2026-04-05 16:00:00', '2026-04-06 16:00:00', 112, 3),
(389, 1, '2026-04-07 16:00:00', '2026-04-07 16:00:00', 112, 4),
(390, 0, '2026-04-15 14:45:00', '2026-04-16 14:45:00', 113, 1),
(391, 0, '2026-04-16 14:45:00', '2026-04-24 14:45:00', 113, 2),
(392, 0, '2026-04-25 14:45:00', '2026-04-26 14:45:00', 113, 3),
(393, 1, '2026-04-27 14:45:00', '2026-04-27 14:45:00', 113, 4),
(394, 0, '2026-04-20 14:35:00', '2026-04-21 14:35:00', 114, 1),
(395, 0, '2026-04-21 14:35:00', '2026-04-23 14:35:00', 114, 2),
(396, 0, '2026-04-24 14:35:00', '2026-04-25 14:35:00', 114, 3),
(397, 1, '2026-04-26 14:35:00', '2026-04-26 14:35:00', 114, 4),
(398, 1, '2026-04-28 09:10:00', '2026-04-28 09:10:00', 115, 1),
(399, 0, '2026-04-07 10:20:00', '2026-04-08 10:20:00', 116, 1),
(400, 0, '2026-04-08 10:20:00', '2026-04-13 10:20:00', 116, 2),
(401, 0, '2026-04-14 10:20:00', '2026-04-15 10:20:00', 116, 3),
(402, 1, '2026-04-16 10:20:00', '2026-04-16 10:20:00', 116, 4),
(403, 0, '2026-04-13 16:35:00', '2026-04-14 16:35:00', 117, 1),
(404, 0, '2026-04-14 16:35:00', '2026-04-19 16:35:00', 117, 2),
(405, 0, '2026-04-20 16:35:00', '2026-04-21 16:35:00', 117, 3),
(406, 1, '2026-04-22 16:35:00', '2026-04-22 16:35:00', 117, 4),
(407, 0, '2026-04-20 15:20:00', '2026-04-21 15:20:00', 118, 1),
(408, 0, '2026-04-21 15:20:00', '2026-05-01 15:20:00', 118, 2),
(409, 0, '2026-05-02 15:20:00', '2026-05-03 15:20:00', 118, 3),
(410, 1, '2026-05-04 15:20:00', '2026-05-04 15:20:00', 118, 4),
(411, 0, '2026-04-26 14:00:00', '2026-04-27 14:00:00', 119, 1),
(412, 0, '2026-04-27 14:00:00', '2026-05-04 14:00:00', 119, 2),
(413, 0, '2026-05-05 14:00:00', '2026-05-06 14:00:00', 119, 3),
(414, 1, '2026-05-07 14:00:00', '2026-05-07 14:00:00', 119, 4),
(415, 0, '2026-04-05 16:00:00', '2026-04-06 16:00:00', 120, 1),
(416, 0, '2026-04-06 16:00:00', '2026-04-11 16:00:00', 120, 2),
(417, 1, '2026-04-12 16:00:00', '2026-04-13 16:00:00', 120, 3),
(418, 0, '2026-04-11 09:20:00', '2026-04-12 09:20:00', 121, 1),
(419, 0, '2026-04-12 09:20:00', '2026-04-22 09:20:00', 121, 2),
(420, 0, '2026-04-23 09:20:00', '2026-04-24 09:20:00', 121, 3),
(421, 1, '2026-04-25 09:20:00', '2026-04-25 09:20:00', 121, 4),
(422, 0, '2026-04-17 09:00:00', '2026-04-18 09:00:00', 122, 1),
(423, 1, '2026-04-19 09:00:00', '2026-04-19 09:00:00', 122, 5),
(424, 0, '2026-04-25 11:45:00', '2026-04-26 11:45:00', 123, 1),
(425, 1, '2026-04-26 11:45:00', '2026-04-29 11:45:00', 123, 2),
(426, 0, '2026-04-30 15:45:00', '2026-05-01 15:45:00', 124, 1),
(427, 0, '2026-05-01 15:45:00', '2026-05-02 15:45:00', 124, 2),
(428, 0, '2026-05-03 15:45:00', '2026-05-04 15:45:00', 124, 3),
(429, 1, '2026-05-05 15:45:00', '2026-05-05 15:45:00', 124, 4),
(430, 0, '2026-04-10 09:10:00', '2026-04-11 09:10:00', 125, 1),
(431, 0, '2026-04-11 09:10:00', '2026-04-15 09:10:00', 125, 2),
(432, 0, '2026-04-16 09:10:00', '2026-04-17 09:10:00', 125, 3),
(433, 1, '2026-04-18 09:10:00', '2026-04-18 09:10:00', 125, 4),
(434, 0, '2026-04-15 15:10:00', '2026-04-16 15:10:00', 126, 1),
(435, 0, '2026-04-16 15:10:00', '2026-04-24 15:10:00', 126, 2),
(436, 0, '2026-04-25 15:10:00', '2026-04-26 15:10:00', 126, 3),
(437, 1, '2026-04-27 15:10:00', '2026-04-27 15:10:00', 126, 4),
(438, 0, '2026-04-22 15:20:00', '2026-04-23 15:20:00', 127, 1),
(439, 0, '2026-04-23 15:20:00', '2026-04-28 15:20:00', 127, 2),
(440, 0, '2026-04-29 15:20:00', '2026-04-30 15:20:00', 127, 3),
(441, 1, '2026-05-01 15:20:00', '2026-05-01 15:20:00', 127, 4),
(442, 0, '2026-04-29 10:10:00', '2026-04-30 10:10:00', 128, 1),
(443, 0, '2026-04-30 10:10:00', '2026-05-05 10:10:00', 128, 2),
(444, 0, '2026-05-06 10:10:00', '2026-05-07 10:10:00', 128, 3),
(445, 1, '2026-05-08 10:10:00', '2026-05-08 10:10:00', 128, 4),
(446, 0, '2026-04-05 16:20:00', '2026-04-06 16:20:00', 129, 1),
(447, 1, '2026-04-06 16:20:00', '2026-04-07 16:20:00', 129, 2),
(448, 0, '2026-04-12 15:00:00', '2026-04-13 15:00:00', 130, 1),
(449, 0, '2026-04-13 15:00:00', '2026-04-18 15:00:00', 130, 2),
(450, 0, '2026-04-19 15:00:00', '2026-04-20 15:00:00', 130, 3),
(451, 1, '2026-04-21 15:00:00', '2026-04-21 15:00:00', 130, 4),
(452, 0, '2026-04-19 16:20:00', '2026-04-20 16:20:00', 131, 1),
(453, 0, '2026-04-20 16:20:00', '2026-04-28 16:20:00', 131, 2),
(454, 0, '2026-04-29 16:20:00', '2026-04-30 16:20:00', 131, 3),
(455, 1, '2026-05-01 16:20:00', '2026-05-01 16:20:00', 131, 4),
(456, 0, '2026-04-29 15:35:00', '2026-04-30 15:35:00', 132, 1),
(457, 0, '2026-04-30 15:35:00', '2026-05-03 15:35:00', 132, 2),
(458, 0, '2026-05-04 15:35:00', '2026-05-05 15:35:00', 132, 3),
(459, 1, '2026-05-06 15:35:00', '2026-05-06 15:35:00', 132, 4),
(460, 0, '2026-04-03 16:10:00', '2026-04-04 16:10:00', 133, 1),
(461, 0, '2026-04-04 16:10:00', '2026-04-12 16:10:00', 133, 2),
(462, 0, '2026-04-13 16:10:00', '2026-04-14 16:10:00', 133, 3),
(463, 1, '2026-04-15 16:10:00', '2026-04-15 16:10:00', 133, 4),
(464, 0, '2026-04-12 16:10:00', '2026-04-13 16:10:00', 134, 1),
(465, 0, '2026-04-13 16:10:00', '2026-04-18 16:10:00', 134, 2),
(466, 1, '2026-04-19 16:10:00', '2026-04-20 16:10:00', 134, 3),
(467, 0, '2026-04-20 11:00:00', '2026-04-21 11:00:00', 135, 1),
(468, 0, '2026-04-21 11:00:00', '2026-04-25 11:00:00', 135, 2),
(469, 0, '2026-04-26 11:00:00', '2026-04-27 11:00:00', 135, 3),
(470, 1, '2026-04-28 11:00:00', '2026-04-28 11:00:00', 135, 4),
(471, 0, '2026-04-24 14:20:00', '2026-04-25 14:20:00', 136, 1),
(472, 0, '2026-04-25 14:20:00', '2026-05-02 14:20:00', 136, 2),
(473, 0, '2026-05-03 14:20:00', '2026-05-04 14:20:00', 136, 3),
(474, 1, '2026-05-05 14:20:00', '2026-05-05 14:20:00', 136, 4),
(475, 0, '2026-04-01 09:45:00', '2026-04-02 09:45:00', 137, 1),
(476, 0, '2026-04-02 09:45:00', '2026-04-04 09:45:00', 137, 2),
(477, 1, '2026-04-05 09:45:00', '2026-04-06 09:45:00', 137, 3),
(478, 0, '2026-04-11 10:35:00', '2026-04-12 10:35:00', 138, 1),
(479, 0, '2026-04-12 10:35:00', '2026-04-13 10:35:00', 138, 2),
(480, 0, '2026-04-14 10:35:00', '2026-04-15 10:35:00', 138, 3),
(481, 1, '2026-04-16 10:35:00', '2026-04-16 10:35:00', 138, 4),
(482, 0, '2026-04-18 15:35:00', '2026-04-19 15:35:00', 139, 1),
(483, 0, '2026-04-19 15:35:00', '2026-04-29 15:35:00', 139, 2),
(484, 0, '2026-04-30 15:35:00', '2026-05-01 15:35:00', 139, 3),
(485, 1, '2026-05-02 15:35:00', '2026-05-02 15:35:00', 139, 4),
(486, 0, '2026-04-24 14:45:00', '2026-04-25 14:45:00', 140, 1),
(487, 0, '2026-04-25 14:45:00', '2026-04-29 14:45:00', 140, 2),
(488, 1, '2026-04-30 14:45:00', '2026-05-01 14:45:00', 140, 3),
(489, 0, '2026-04-29 09:10:00', '2026-04-30 09:10:00', 141, 1),
(490, 0, '2026-04-30 09:10:00', '2026-05-10 09:10:00', 141, 2),
(491, 0, '2026-05-11 09:10:00', '2026-05-12 09:10:00', 141, 3),
(492, 1, '2026-05-13 09:10:00', '2026-05-13 09:10:00', 141, 4),
(493, 0, '2026-04-06 10:35:00', '2026-04-07 10:35:00', 142, 1),
(494, 1, '2026-04-09 10:35:00', '2026-04-09 10:35:00', 142, 5),
(495, 0, '2026-04-14 11:45:00', '2026-04-15 11:45:00', 143, 1),
(496, 0, '2026-04-15 11:45:00', '2026-04-24 11:45:00', 143, 2),
(497, 0, '2026-04-25 11:45:00', '2026-04-26 11:45:00', 143, 3),
(498, 1, '2026-04-27 11:45:00', '2026-04-27 11:45:00', 143, 4),
(499, 0, '2026-04-20 09:45:00', '2026-04-21 09:45:00', 144, 1),
(500, 0, '2026-04-21 09:45:00', '2026-04-29 09:45:00', 144, 2),
(501, 0, '2026-04-30 09:45:00', '2026-05-01 09:45:00', 144, 3),
(502, 1, '2026-05-02 09:45:00', '2026-05-02 09:45:00', 144, 4),
(503, 0, '2026-04-29 14:20:00', '2026-04-30 14:20:00', 145, 1),
(504, 0, '2026-04-30 14:20:00', '2026-05-05 14:20:00', 145, 2),
(505, 1, '2026-05-06 14:20:00', '2026-05-07 14:20:00', 145, 3),
(506, 0, '2026-04-05 09:35:00', '2026-04-06 09:35:00', 146, 1),
(507, 0, '2026-04-06 09:35:00', '2026-04-16 09:35:00', 146, 2),
(508, 0, '2026-04-17 09:35:00', '2026-04-18 09:35:00', 146, 3),
(509, 1, '2026-04-19 09:35:00', '2026-04-19 09:35:00', 146, 4),
(510, 0, '2026-04-14 14:10:00', '2026-04-15 14:10:00', 147, 1),
(511, 0, '2026-04-15 14:10:00', '2026-04-21 14:10:00', 147, 2),
(512, 0, '2026-04-22 14:10:00', '2026-04-23 14:10:00', 147, 3),
(513, 1, '2026-04-24 14:10:00', '2026-04-24 14:10:00', 147, 4),
(514, 0, '2026-04-21 14:10:00', '2026-04-22 14:10:00', 148, 1),
(515, 1, '2026-04-22 14:10:00', '2026-04-30 14:10:00', 148, 2),
(516, 0, '2026-04-27 09:20:00', '2026-04-28 09:20:00', 149, 1),
(517, 0, '2026-04-28 09:20:00', '2026-05-01 09:20:00', 149, 2),
(518, 0, '2026-05-02 09:20:00', '2026-05-03 09:20:00', 149, 3),
(519, 1, '2026-05-04 09:20:00', '2026-05-04 09:20:00', 149, 4),
(520, 0, '2026-04-04 16:10:00', '2026-04-05 16:10:00', 150, 1),
(521, 0, '2026-04-05 16:10:00', '2026-04-14 16:10:00', 150, 2),
(522, 0, '2026-04-15 16:10:00', '2026-04-16 16:10:00', 150, 3),
(523, 1, '2026-04-17 16:10:00', '2026-04-17 16:10:00', 150, 4),
(524, 0, '2026-04-09 15:35:00', '2026-04-10 15:35:00', 151, 1),
(525, 0, '2026-04-10 15:35:00', '2026-04-15 15:35:00', 151, 2),
(526, 1, '2026-04-16 15:35:00', '2026-04-17 15:35:00', 151, 3),
(527, 0, '2026-04-19 10:20:00', '2026-04-20 10:20:00', 152, 1),
(528, 0, '2026-04-20 10:20:00', '2026-04-29 10:20:00', 152, 2),
(529, 0, '2026-04-30 10:20:00', '2026-05-01 10:20:00', 152, 3),
(530, 1, '2026-05-02 10:20:00', '2026-05-02 10:20:00', 152, 4),
(531, 0, '2026-04-23 16:35:00', '2026-04-24 16:35:00', 153, 1),
(532, 1, '2026-04-24 16:35:00', '2026-05-02 16:35:00', 153, 2),
(533, 0, '2026-04-01 14:45:00', '2026-04-02 14:45:00', 154, 1),
(534, 1, '2026-04-02 14:45:00', '2026-04-10 14:45:00', 154, 2),
(535, 0, '2026-04-07 14:20:00', '2026-04-08 14:20:00', 155, 1),
(536, 0, '2026-04-08 14:20:00', '2026-04-16 14:20:00', 155, 2),
(537, 1, '2026-04-17 14:20:00', '2026-04-18 14:20:00', 155, 3),
(538, 0, '2026-04-14 16:20:00', '2026-04-15 16:20:00', 156, 1),
(539, 0, '2026-04-15 16:20:00', '2026-04-17 16:20:00', 156, 2),
(540, 1, '2026-04-18 16:20:00', '2026-04-19 16:20:00', 156, 3),
(541, 0, '2026-04-21 16:00:00', '2026-04-22 16:00:00', 157, 1),
(542, 0, '2026-04-22 16:00:00', '2026-05-01 16:00:00', 157, 2),
(543, 0, '2026-05-02 16:00:00', '2026-05-03 16:00:00', 157, 3),
(544, 1, '2026-05-04 16:00:00', '2026-05-04 16:00:00', 157, 4),
(545, 0, '2026-04-29 14:35:00', '2026-04-30 14:35:00', 158, 1),
(546, 1, '2026-04-30 14:35:00', '2026-05-01 14:35:00', 158, 2),
(547, 0, '2026-04-06 11:45:00', '2026-04-07 11:45:00', 159, 1),
(548, 0, '2026-04-07 11:45:00', '2026-04-10 11:45:00', 159, 2),
(549, 0, '2026-04-11 11:45:00', '2026-04-12 11:45:00', 159, 3),
(550, 1, '2026-04-13 11:45:00', '2026-04-13 11:45:00', 159, 4),
(551, 0, '2026-04-13 11:35:00', '2026-04-14 11:35:00', 160, 1),
(552, 0, '2026-04-14 11:35:00', '2026-04-23 11:35:00', 160, 2),
(553, 0, '2026-04-24 11:35:00', '2026-04-25 11:35:00', 160, 3),
(554, 1, '2026-04-26 11:35:00', '2026-04-26 11:35:00', 160, 4),
(555, 0, '2026-04-19 15:35:00', '2026-04-20 15:35:00', 161, 1),
(556, 1, '2026-04-20 15:35:00', '2026-04-30 15:35:00', 161, 2),
(557, 0, '2026-04-27 15:45:00', '2026-04-28 15:45:00', 162, 1),
(558, 0, '2026-04-28 15:45:00', '2026-05-02 15:45:00', 162, 2),
(559, 0, '2026-05-03 15:45:00', '2026-05-04 15:45:00', 162, 3),
(560, 0, '2026-05-05 15:45:00', '2026-05-05 15:45:00', 162, 4),
(561, 1, '2026-06-02 10:00:00', '2026-06-04 10:00:00', 162, 2),
(562, 0, '2026-04-06 10:45:00', '2026-04-07 10:45:00', 163, 1),
(563, 0, '2026-04-07 10:45:00', '2026-04-09 10:45:00', 163, 2),
(564, 0, '2026-04-10 10:45:00', '2026-04-11 10:45:00', 163, 3),
(565, 1, '2026-04-12 10:45:00', '2026-04-12 10:45:00', 163, 4),
(566, 0, '2026-04-11 11:45:00', '2026-04-12 11:45:00', 164, 1),
(567, 0, '2026-04-12 11:45:00', '2026-04-21 11:45:00', 164, 2),
(568, 0, '2026-04-22 11:45:00', '2026-04-23 11:45:00', 164, 3),
(569, 1, '2026-04-24 11:45:00', '2026-04-24 11:45:00', 164, 4),
(570, 0, '2026-04-19 09:45:00', '2026-04-20 09:45:00', 165, 1),
(571, 0, '2026-04-20 09:45:00', '2026-04-24 09:45:00', 165, 2),
(572, 1, '2026-04-25 09:45:00', '2026-04-26 09:45:00', 165, 3),
(573, 0, '2026-04-27 10:00:00', '2026-04-28 10:00:00', 166, 1),
(574, 1, '2026-04-28 10:00:00', '2026-05-02 10:00:00', 166, 2),
(575, 0, '2026-04-01 10:10:00', '2026-04-02 10:10:00', 167, 1),
(576, 1, '2026-04-02 10:10:00', '2026-04-10 10:10:00', 167, 2),
(577, 0, '2026-04-11 09:45:00', '2026-04-12 09:45:00', 168, 1),
(578, 0, '2026-04-12 09:45:00', '2026-04-19 09:45:00', 168, 2),
(579, 1, '2026-04-20 09:45:00', '2026-04-21 09:45:00', 168, 3),
(580, 0, '2026-04-17 10:00:00', '2026-04-18 10:00:00', 169, 1),
(581, 0, '2026-04-18 10:00:00', '2026-04-25 10:00:00', 169, 2),
(582, 0, '2026-04-26 10:00:00', '2026-04-27 10:00:00', 169, 3),
(583, 1, '2026-04-28 10:00:00', '2026-04-28 10:00:00', 169, 4),
(584, 1, '2026-04-24 11:35:00', '2026-04-24 11:35:00', 170, 1),
(585, 0, '2026-04-01 15:10:00', '2026-04-02 15:10:00', 171, 1),
(586, 0, '2026-04-02 15:10:00', '2026-04-06 15:10:00', 171, 2),
(587, 0, '2026-04-07 15:10:00', '2026-04-08 15:10:00', 171, 3),
(588, 1, '2026-04-09 15:10:00', '2026-04-09 15:10:00', 171, 4),
(589, 0, '2026-04-08 10:45:00', '2026-04-09 10:45:00', 172, 1),
(590, 0, '2026-04-09 10:45:00', '2026-04-19 10:45:00', 172, 2),
(591, 0, '2026-04-20 10:45:00', '2026-04-21 10:45:00', 172, 3),
(592, 1, '2026-04-22 10:45:00', '2026-04-22 10:45:00', 172, 4),
(593, 0, '2026-05-16 15:45:00', '2026-05-17 15:45:00', 173, 1),
(594, 0, '2026-05-17 15:45:00', '2026-05-27 15:45:00', 173, 2),
(595, 0, '2026-05-28 15:45:00', '2026-05-29 15:45:00', 173, 3),
(596, 1, '2026-05-30 15:45:00', '2026-05-30 15:45:00', 173, 4),
(597, 0, '2026-05-23 09:20:00', '2026-05-24 09:20:00', 174, 1),
(598, 1, '2026-05-26 09:20:00', '2026-05-26 09:20:00', 174, 5),
(599, 0, '2026-05-31 15:10:00', '2026-06-01 15:10:00', 175, 1),
(600, 0, '2026-06-01 15:10:00', '2026-06-11 15:10:00', 175, 2),
(601, 0, '2026-06-12 15:10:00', '2026-06-13 15:10:00', 175, 3),
(602, 1, '2026-06-14 15:10:00', '2026-06-14 15:10:00', 175, 4),
(603, 0, '2026-05-07 10:35:00', '2026-05-08 10:35:00', 176, 1),
(604, 0, '2026-05-08 10:35:00', '2026-05-15 10:35:00', 176, 2),
(605, 0, '2026-05-16 10:35:00', '2026-05-17 10:35:00', 176, 3),
(606, 1, '2026-05-18 10:35:00', '2026-05-18 10:35:00', 176, 4),
(607, 0, '2026-05-13 11:10:00', '2026-05-14 11:10:00', 177, 1),
(608, 1, '2026-05-16 11:10:00', '2026-05-16 11:10:00', 177, 5),
(609, 0, '2026-05-23 11:10:00', '2026-05-24 11:10:00', 178, 1),
(610, 0, '2026-05-24 11:10:00', '2026-06-01 11:10:00', 178, 2),
(611, 0, '2026-06-02 11:10:00', '2026-06-03 11:10:00', 178, 3),
(612, 1, '2026-06-04 11:10:00', '2026-06-04 11:10:00', 178, 4),
(613, 0, '2026-05-27 15:10:00', '2026-05-28 15:10:00', 179, 1),
(614, 0, '2026-05-28 15:10:00', '2026-05-30 15:10:00', 179, 2),
(615, 0, '2026-05-31 15:10:00', '2026-06-01 15:10:00', 179, 3),
(616, 1, '2026-06-02 15:10:00', '2026-06-02 15:10:00', 179, 4),
(617, 0, '2026-05-05 14:45:00', '2026-05-06 14:45:00', 180, 1),
(618, 0, '2026-05-06 14:45:00', '2026-05-08 14:45:00', 180, 2),
(619, 0, '2026-05-09 14:45:00', '2026-05-10 14:45:00', 180, 3),
(620, 1, '2026-05-11 14:45:00', '2026-05-11 14:45:00', 180, 4),
(621, 0, '2026-05-11 16:00:00', '2026-05-12 16:00:00', 181, 1),
(622, 0, '2026-05-12 16:00:00', '2026-05-13 16:00:00', 181, 2),
(623, 0, '2026-05-14 16:00:00', '2026-05-15 16:00:00', 181, 3),
(624, 1, '2026-05-16 16:00:00', '2026-05-16 16:00:00', 181, 4),
(625, 0, '2026-05-18 15:10:00', '2026-05-19 15:10:00', 182, 1),
(626, 0, '2026-05-19 15:10:00', '2026-05-28 15:10:00', 182, 2),
(627, 0, '2026-05-29 15:10:00', '2026-05-30 15:10:00', 182, 3),
(628, 1, '2026-05-31 15:10:00', '2026-05-31 15:10:00', 182, 4),
(629, 0, '2026-05-27 14:10:00', '2026-05-28 14:10:00', 183, 1),
(630, 0, '2026-05-28 14:10:00', '2026-06-02 14:10:00', 183, 2),
(631, 0, '2026-06-03 14:10:00', '2026-06-04 14:10:00', 183, 3),
(632, 1, '2026-06-05 14:10:00', '2026-06-05 14:10:00', 183, 4),
(633, 0, '2026-05-02 14:00:00', '2026-05-03 14:00:00', 184, 1),
(634, 0, '2026-05-03 14:00:00', '2026-05-08 14:00:00', 184, 2),
(635, 0, '2026-05-09 14:00:00', '2026-05-10 14:00:00', 184, 3),
(636, 1, '2026-05-11 14:00:00', '2026-05-11 14:00:00', 184, 4),
(637, 1, '2026-05-09 10:35:00', '2026-05-09 10:35:00', 185, 1),
(638, 0, '2026-05-14 10:00:00', '2026-05-15 10:00:00', 186, 1),
(639, 0, '2026-05-15 10:00:00', '2026-05-23 10:00:00', 186, 2),
(640, 0, '2026-05-24 10:00:00', '2026-05-25 10:00:00', 186, 3),
(641, 1, '2026-05-26 10:00:00', '2026-05-26 10:00:00', 186, 4),
(642, 0, '2026-05-23 10:35:00', '2026-05-24 10:35:00', 187, 1),
(643, 0, '2026-05-24 10:35:00', '2026-06-02 10:35:00', 187, 2),
(644, 0, '2026-06-03 10:35:00', '2026-06-04 10:35:00', 187, 3),
(645, 1, '2026-06-05 10:35:00', '2026-06-05 10:35:00', 187, 4),
(646, 0, '2026-05-28 16:35:00', '2026-05-29 16:35:00', 188, 1),
(647, 0, '2026-05-29 16:35:00', '2026-06-03 16:35:00', 188, 2),
(648, 0, '2026-06-04 16:35:00', '2026-06-05 16:35:00', 188, 3),
(649, 1, '2026-06-06 16:35:00', '2026-06-06 16:35:00', 188, 4),
(650, 0, '2026-05-06 11:10:00', '2026-05-07 11:10:00', 189, 1),
(651, 0, '2026-05-07 11:10:00', '2026-05-16 11:10:00', 189, 2),
(652, 0, '2026-05-17 11:10:00', '2026-05-18 11:10:00', 189, 3),
(653, 1, '2026-05-19 11:10:00', '2026-05-19 11:10:00', 189, 4),
(654, 0, '2026-05-13 15:35:00', '2026-05-14 15:35:00', 190, 1),
(655, 0, '2026-05-14 15:35:00', '2026-05-18 15:35:00', 190, 2),
(656, 0, '2026-05-19 15:35:00', '2026-05-20 15:35:00', 190, 3),
(657, 1, '2026-05-21 15:35:00', '2026-05-21 15:35:00', 190, 4),
(658, 0, '2026-05-18 14:45:00', '2026-05-19 14:45:00', 191, 1),
(659, 0, '2026-05-19 14:45:00', '2026-05-23 14:45:00', 191, 2),
(660, 0, '2026-05-24 14:45:00', '2026-05-25 14:45:00', 191, 3),
(661, 1, '2026-05-26 14:45:00', '2026-05-26 14:45:00', 191, 4),
(662, 0, '2026-05-28 11:10:00', '2026-05-29 11:10:00', 192, 1),
(663, 0, '2026-05-29 11:10:00', '2026-06-04 11:10:00', 192, 2),
(664, 0, '2026-06-05 11:10:00', '2026-06-06 11:10:00', 192, 3),
(665, 1, '2026-06-07 11:10:00', '2026-06-07 11:10:00', 192, 4),
(666, 0, '2026-05-01 14:20:00', '2026-05-02 14:20:00', 193, 1),
(667, 0, '2026-05-02 14:20:00', '2026-05-11 14:20:00', 193, 2),
(668, 0, '2026-05-12 14:20:00', '2026-05-13 14:20:00', 193, 3),
(669, 1, '2026-05-14 14:20:00', '2026-05-14 14:20:00', 193, 4),
(670, 0, '2026-05-09 09:00:00', '2026-05-10 09:00:00', 194, 1),
(671, 0, '2026-05-10 09:00:00', '2026-05-13 09:00:00', 194, 2),
(672, 1, '2026-05-14 09:00:00', '2026-05-15 09:00:00', 194, 3),
(673, 0, '2026-05-15 15:10:00', '2026-05-16 15:10:00', 195, 1),
(674, 0, '2026-05-16 15:10:00', '2026-05-26 15:10:00', 195, 2),
(675, 0, '2026-05-27 15:10:00', '2026-05-28 15:10:00', 195, 3),
(676, 1, '2026-05-29 15:10:00', '2026-05-29 15:10:00', 195, 4),
(677, 0, '2026-05-24 09:35:00', '2026-05-25 09:35:00', 196, 1),
(678, 0, '2026-05-25 09:35:00', '2026-06-03 09:35:00', 196, 2),
(679, 0, '2026-06-04 09:35:00', '2026-06-05 09:35:00', 196, 3),
(680, 1, '2026-06-06 09:35:00', '2026-06-06 09:35:00', 196, 4),
(681, 1, '2026-05-29 10:45:00', '2026-05-29 10:45:00', 197, 1),
(682, 0, '2026-05-06 16:35:00', '2026-05-07 16:35:00', 198, 1),
(683, 0, '2026-05-07 16:35:00', '2026-05-15 16:35:00', 198, 2),
(684, 0, '2026-05-16 16:35:00', '2026-05-17 16:35:00', 198, 3),
(685, 1, '2026-05-18 16:35:00', '2026-05-18 16:35:00', 198, 4),
(686, 1, '2026-05-13 11:20:00', '2026-05-13 11:20:00', 199, 1),
(687, 0, '2026-05-19 09:45:00', '2026-05-20 09:45:00', 200, 1),
(688, 0, '2026-05-20 09:45:00', '2026-05-28 09:45:00', 200, 2),
(689, 0, '2026-05-29 09:45:00', '2026-05-30 09:45:00', 200, 3),
(690, 1, '2026-05-31 09:45:00', '2026-05-31 09:45:00', 200, 4),
(691, 0, '2026-05-26 11:10:00', '2026-05-27 11:10:00', 201, 1),
(692, 0, '2026-05-27 11:10:00', '2026-06-04 11:10:00', 201, 2),
(693, 0, '2026-06-05 11:10:00', '2026-06-06 11:10:00', 201, 3),
(694, 1, '2026-06-07 11:10:00', '2026-06-07 11:10:00', 201, 4),
(695, 0, '2026-05-03 11:00:00', '2026-05-04 11:00:00', 202, 1),
(696, 0, '2026-05-04 11:00:00', '2026-05-05 11:00:00', 202, 2),
(697, 0, '2026-05-06 11:00:00', '2026-05-07 11:00:00', 202, 3),
(698, 1, '2026-05-08 11:00:00', '2026-05-08 11:00:00', 202, 4),
(699, 1, '2026-05-12 11:10:00', '2026-05-12 11:10:00', 203, 1),
(700, 0, '2026-05-16 10:35:00', '2026-05-17 10:35:00', 204, 1),
(701, 0, '2026-05-17 10:35:00', '2026-05-18 10:35:00', 204, 2),
(702, 0, '2026-05-19 10:35:00', '2026-05-20 10:35:00', 204, 3),
(703, 1, '2026-05-21 10:35:00', '2026-05-21 10:35:00', 204, 4),
(704, 0, '2026-05-26 16:20:00', '2026-05-27 16:20:00', 205, 1),
(705, 0, '2026-05-27 16:20:00', '2026-06-02 16:20:00', 205, 2),
(706, 0, '2026-06-03 16:20:00', '2026-06-04 16:20:00', 205, 3),
(707, 1, '2026-06-05 16:20:00', '2026-06-05 16:20:00', 205, 4),
(708, 0, '2026-05-31 10:00:00', '2026-06-01 10:00:00', 206, 1),
(709, 0, '2026-06-01 10:00:00', '2026-06-08 10:00:00', 206, 2),
(710, 0, '2026-06-09 10:00:00', '2026-06-10 10:00:00', 206, 3),
(711, 1, '2026-06-11 10:00:00', '2026-06-11 10:00:00', 206, 4),
(712, 0, '2026-05-08 10:20:00', '2026-05-09 10:20:00', 207, 1),
(713, 0, '2026-05-09 10:20:00', '2026-05-17 10:20:00', 207, 2),
(714, 0, '2026-05-18 10:20:00', '2026-05-19 10:20:00', 207, 3),
(715, 1, '2026-05-20 10:20:00', '2026-05-20 10:20:00', 207, 4),
(716, 0, '2026-05-16 15:35:00', '2026-05-17 15:35:00', 208, 1),
(717, 0, '2026-05-17 15:35:00', '2026-05-26 15:35:00', 208, 2),
(718, 0, '2026-05-27 15:35:00', '2026-05-28 15:35:00', 208, 3),
(719, 1, '2026-05-29 15:35:00', '2026-05-29 15:35:00', 208, 4),
(720, 0, '2026-05-21 11:00:00', '2026-05-22 11:00:00', 209, 1),
(721, 0, '2026-05-22 11:00:00', '2026-05-26 11:00:00', 209, 2),
(722, 0, '2026-05-27 11:00:00', '2026-05-28 11:00:00', 209, 3),
(723, 1, '2026-05-29 11:00:00', '2026-05-29 11:00:00', 209, 4),
(724, 0, '2026-05-28 09:00:00', '2026-05-29 09:00:00', 210, 1),
(725, 0, '2026-05-29 09:00:00', '2026-06-01 09:00:00', 210, 2),
(726, 0, '2026-06-02 09:00:00', '2026-06-03 09:00:00', 210, 3),
(727, 1, '2026-06-04 09:00:00', '2026-06-04 09:00:00', 210, 4),
(728, 0, '2026-05-04 14:10:00', '2026-05-05 14:10:00', 211, 1),
(729, 0, '2026-05-05 14:10:00', '2026-05-13 14:10:00', 211, 2),
(730, 0, '2026-05-14 14:10:00', '2026-05-15 14:10:00', 211, 3),
(731, 1, '2026-05-16 14:10:00', '2026-05-16 14:10:00', 211, 4),
(732, 0, '2026-05-11 09:00:00', '2026-05-12 09:00:00', 212, 1),
(733, 0, '2026-05-12 09:00:00', '2026-05-22 09:00:00', 212, 2),
(734, 0, '2026-05-23 09:00:00', '2026-05-24 09:00:00', 212, 3),
(735, 1, '2026-05-25 09:00:00', '2026-05-25 09:00:00', 212, 4),
(736, 0, '2026-05-17 16:35:00', '2026-05-18 16:35:00', 213, 1),
(737, 1, '2026-05-18 16:35:00', '2026-05-25 16:35:00', 213, 2),
(738, 0, '2026-05-27 16:10:00', '2026-05-28 16:10:00', 214, 1),
(739, 0, '2026-05-28 16:10:00', '2026-06-05 16:10:00', 214, 2),
(740, 0, '2026-06-06 16:10:00', '2026-06-07 16:10:00', 214, 3),
(741, 1, '2026-06-08 16:10:00', '2026-06-08 16:10:00', 214, 4),
(742, 0, '2026-05-02 09:10:00', '2026-05-03 09:10:00', 215, 1),
(743, 0, '2026-05-03 09:10:00', '2026-05-07 09:10:00', 215, 2),
(744, 0, '2026-05-08 09:10:00', '2026-05-09 09:10:00', 215, 3),
(745, 1, '2026-05-10 09:10:00', '2026-05-10 09:10:00', 215, 4),
(746, 0, '2026-05-08 10:45:00', '2026-05-09 10:45:00', 216, 1),
(747, 0, '2026-05-09 10:45:00', '2026-05-10 10:45:00', 216, 2),
(748, 1, '2026-05-11 10:45:00', '2026-05-12 10:45:00', 216, 3),
(749, 0, '2026-05-16 10:45:00', '2026-05-17 10:45:00', 217, 1),
(750, 0, '2026-05-17 10:45:00', '2026-05-20 10:45:00', 217, 2),
(751, 0, '2026-05-21 10:45:00', '2026-05-22 10:45:00', 217, 3),
(752, 1, '2026-05-23 10:45:00', '2026-05-23 10:45:00', 217, 4),
(753, 0, '2026-05-21 15:10:00', '2026-05-22 15:10:00', 218, 1),
(754, 0, '2026-05-22 15:10:00', '2026-05-24 15:10:00', 218, 2),
(755, 0, '2026-05-25 15:10:00', '2026-05-26 15:10:00', 218, 3),
(756, 1, '2026-05-27 15:10:00', '2026-05-27 15:10:00', 218, 4),
(757, 0, '2026-05-31 16:00:00', '2026-06-01 16:00:00', 219, 1),
(758, 1, '2026-06-01 16:00:00', '2026-06-04 16:00:00', 219, 2),
(759, 0, '2026-05-04 14:45:00', '2026-05-05 14:45:00', 220, 1),
(760, 0, '2026-05-05 14:45:00', '2026-05-14 14:45:00', 220, 2),
(761, 1, '2026-05-15 14:45:00', '2026-05-16 14:45:00', 220, 3),
(762, 0, '2026-05-14 15:20:00', '2026-05-15 15:20:00', 221, 1),
(763, 0, '2026-05-15 15:20:00', '2026-05-25 15:20:00', 221, 2),
(764, 0, '2026-05-26 15:20:00', '2026-05-27 15:20:00', 221, 3),
(765, 0, '2026-05-28 15:20:00', '2026-05-28 15:20:00', 221, 4),
(766, 1, '2026-06-04 10:00:00', '2026-06-05 10:00:00', 221, 2),
(767, 0, '2026-05-20 09:10:00', '2026-05-21 09:10:00', 222, 1),
(768, 0, '2026-05-21 09:10:00', '2026-05-27 09:10:00', 222, 2),
(769, 0, '2026-05-28 09:10:00', '2026-05-29 09:10:00', 222, 3),
(770, 1, '2026-05-30 09:10:00', '2026-05-30 09:10:00', 222, 4),
(771, 0, '2026-05-28 15:20:00', '2026-05-29 15:20:00', 223, 1),
(772, 0, '2026-05-29 15:20:00', '2026-06-05 15:20:00', 223, 2),
(773, 0, '2026-06-06 15:20:00', '2026-06-07 15:20:00', 223, 3),
(774, 1, '2026-06-08 15:20:00', '2026-06-08 15:20:00', 223, 4),
(775, 0, '2026-05-02 14:20:00', '2026-05-03 14:20:00', 224, 1),
(776, 1, '2026-05-03 14:20:00', '2026-05-05 14:20:00', 224, 2),
(777, 0, '2026-05-10 09:00:00', '2026-05-11 09:00:00', 225, 1),
(778, 1, '2026-05-11 09:00:00', '2026-05-14 09:00:00', 225, 2),
(779, 1, '2026-05-17 09:10:00', '2026-05-17 09:10:00', 226, 1),
(780, 0, '2026-05-23 16:45:00', '2026-05-24 16:45:00', 227, 1),
(781, 0, '2026-05-24 16:45:00', '2026-06-03 16:45:00', 227, 2),
(782, 1, '2026-06-04 16:45:00', '2026-06-05 16:45:00', 227, 3),
(783, 0, '2026-05-30 10:20:00', '2026-05-31 10:20:00', 228, 1),
(784, 0, '2026-05-31 10:20:00', '2026-06-02 10:20:00', 228, 2),
(785, 0, '2026-06-03 10:20:00', '2026-06-04 10:20:00', 228, 3),
(786, 1, '2026-06-05 10:20:00', '2026-06-05 10:20:00', 228, 4),
(787, 0, '2026-05-05 11:35:00', '2026-05-06 11:35:00', 229, 1),
(788, 0, '2026-05-06 11:35:00', '2026-05-09 11:35:00', 229, 2),
(789, 1, '2026-05-10 11:35:00', '2026-05-11 11:35:00', 229, 3),
(790, 0, '2026-05-14 14:10:00', '2026-05-15 14:10:00', 230, 1),
(791, 1, '2026-05-15 14:10:00', '2026-05-15 14:10:00', 230, 5),
(792, 0, '2026-05-21 10:00:00', '2026-05-22 10:00:00', 231, 1),
(793, 1, '2026-05-22 10:00:00', '2026-05-29 10:00:00', 231, 2),
(794, 0, '2026-05-27 10:20:00', '2026-05-28 10:20:00', 232, 1),
(795, 0, '2026-05-28 10:20:00', '2026-06-03 10:20:00', 232, 2),
(796, 0, '2026-06-04 10:20:00', '2026-06-05 10:20:00', 232, 3),
(797, 1, '2026-06-06 10:20:00', '2026-06-06 10:20:00', 232, 4),
(798, 0, '2026-05-02 10:45:00', '2026-05-03 10:45:00', 233, 1),
(799, 0, '2026-05-03 10:45:00', '2026-05-13 10:45:00', 233, 2),
(800, 0, '2026-05-14 10:45:00', '2026-05-15 10:45:00', 233, 3),
(801, 1, '2026-05-16 10:45:00', '2026-05-16 10:45:00', 233, 4),
(802, 0, '2026-05-11 11:20:00', '2026-05-12 11:20:00', 234, 1),
(803, 0, '2026-05-12 11:20:00', '2026-05-13 11:20:00', 234, 2),
(804, 0, '2026-05-14 11:20:00', '2026-05-15 11:20:00', 234, 3),
(805, 1, '2026-05-16 11:20:00', '2026-05-16 11:20:00', 234, 4),
(806, 0, '2026-05-17 14:20:00', '2026-05-18 14:20:00', 235, 1),
(807, 0, '2026-05-18 14:20:00', '2026-05-27 14:20:00', 235, 2),
(808, 0, '2026-05-28 14:20:00', '2026-05-29 14:20:00', 235, 3),
(809, 1, '2026-05-30 14:20:00', '2026-05-30 14:20:00', 235, 4),
(810, 0, '2026-05-24 14:00:00', '2026-05-25 14:00:00', 236, 1),
(811, 1, '2026-05-25 14:00:00', '2026-05-29 14:00:00', 236, 2),
(812, 0, '2026-05-02 11:20:00', '2026-05-03 11:20:00', 237, 1),
(813, 0, '2026-05-03 11:20:00', '2026-05-12 11:20:00', 237, 2),
(814, 0, '2026-05-13 11:20:00', '2026-05-14 11:20:00', 237, 3),
(815, 1, '2026-05-15 11:20:00', '2026-05-15 11:20:00', 237, 4),
(816, 0, '2026-05-09 15:00:00', '2026-05-10 15:00:00', 238, 1),
(817, 0, '2026-05-10 15:00:00', '2026-05-15 15:00:00', 238, 2),
(818, 1, '2026-05-16 15:00:00', '2026-05-17 15:00:00', 238, 3),
(819, 0, '2026-05-16 09:00:00', '2026-05-17 09:00:00', 239, 1),
(820, 0, '2026-05-17 09:00:00', '2026-05-20 09:00:00', 239, 2),
(821, 0, '2026-05-21 09:00:00', '2026-05-22 09:00:00', 239, 3),
(822, 1, '2026-05-23 09:00:00', '2026-05-23 09:00:00', 239, 4),
(823, 0, '2026-05-21 14:20:00', '2026-05-22 14:20:00', 240, 1),
(824, 0, '2026-05-22 14:20:00', '2026-05-26 14:20:00', 240, 2),
(825, 0, '2026-05-27 14:20:00', '2026-05-28 14:20:00', 240, 3),
(826, 1, '2026-05-29 14:20:00', '2026-05-29 14:20:00', 240, 4),
(827, 0, '2026-05-30 09:20:00', '2026-05-31 09:20:00', 241, 1),
(828, 0, '2026-05-31 09:20:00', '2026-06-08 09:20:00', 241, 2),
(829, 0, '2026-06-09 09:20:00', '2026-06-10 09:20:00', 241, 3),
(830, 1, '2026-06-11 09:20:00', '2026-06-11 09:20:00', 241, 4),
(831, 0, '2026-05-04 15:35:00', '2026-05-05 15:35:00', 242, 1),
(832, 0, '2026-05-05 15:35:00', '2026-05-09 15:35:00', 242, 2),
(833, 0, '2026-05-10 15:35:00', '2026-05-11 15:35:00', 242, 3),
(834, 1, '2026-05-12 15:35:00', '2026-05-12 15:35:00', 242, 4),
(835, 0, '2026-05-11 11:00:00', '2026-05-12 11:00:00', 243, 1),
(836, 0, '2026-05-12 11:00:00', '2026-05-17 11:00:00', 243, 2),
(837, 0, '2026-05-18 11:00:00', '2026-05-19 11:00:00', 243, 3),
(838, 1, '2026-05-20 11:00:00', '2026-05-20 11:00:00', 243, 4),
(839, 0, '2026-05-18 09:20:00', '2026-05-19 09:20:00', 244, 1),
(840, 1, '2026-05-19 09:20:00', '2026-05-27 09:20:00', 244, 2),
(841, 0, '2026-05-26 11:45:00', '2026-05-27 11:45:00', 245, 1),
(842, 1, '2026-05-27 11:45:00', '2026-06-05 11:45:00', 245, 2),
(843, 0, '2026-05-01 09:20:00', '2026-05-02 09:20:00', 246, 1),
(844, 0, '2026-05-02 09:20:00', '2026-05-08 09:20:00', 246, 2),
(845, 0, '2026-05-09 09:20:00', '2026-05-10 09:20:00', 246, 3),
(846, 1, '2026-05-11 09:20:00', '2026-05-11 09:20:00', 246, 4),
(847, 0, '2026-05-09 14:00:00', '2026-05-10 14:00:00', 247, 1),
(848, 0, '2026-05-10 14:00:00', '2026-05-17 14:00:00', 247, 2),
(849, 0, '2026-05-18 14:00:00', '2026-05-19 14:00:00', 247, 3),
(850, 1, '2026-05-20 14:00:00', '2026-05-20 14:00:00', 247, 4),
(851, 0, '2026-05-17 16:35:00', '2026-05-18 16:35:00', 248, 1),
(852, 0, '2026-05-18 16:35:00', '2026-05-23 16:35:00', 248, 2),
(853, 0, '2026-05-24 16:35:00', '2026-05-25 16:35:00', 248, 3),
(854, 1, '2026-05-26 16:35:00', '2026-05-26 16:35:00', 248, 4),
(855, 0, '2026-05-21 10:10:00', '2026-05-22 10:10:00', 249, 1),
(856, 0, '2026-05-22 10:10:00', '2026-05-23 10:10:00', 249, 2),
(857, 0, '2026-05-24 10:10:00', '2026-05-25 10:10:00', 249, 3),
(858, 1, '2026-05-26 10:10:00', '2026-05-26 10:10:00', 249, 4),
(859, 0, '2026-05-28 10:35:00', '2026-05-29 10:35:00', 250, 1),
(860, 0, '2026-05-29 10:35:00', '2026-05-31 10:35:00', 250, 2),
(861, 0, '2026-06-01 10:35:00', '2026-06-02 10:35:00', 250, 3),
(862, 1, '2026-06-03 10:35:00', '2026-06-03 10:35:00', 250, 4),
(863, 0, '2026-06-02 15:00:00', '2026-06-03 15:00:00', 251, 1),
(864, 0, '2026-06-03 15:00:00', '2026-06-06 15:00:00', 251, 2),
(865, 0, '2026-06-07 15:00:00', '2026-06-08 15:00:00', 251, 3),
(866, 1, '2026-06-09 15:00:00', '2026-06-09 15:00:00', 251, 4),
(867, 0, '2026-06-02 14:35:00', '2026-06-03 14:35:00', 252, 1),
(868, 0, '2026-06-03 14:35:00', '2026-06-13 14:35:00', 252, 2),
(869, 0, '2026-06-14 14:35:00', '2026-06-15 14:35:00', 252, 3),
(870, 1, '2026-06-16 14:35:00', '2026-06-16 14:35:00', 252, 4),
(871, 0, '2026-06-07 16:35:00', '2026-06-08 16:35:00', 253, 1),
(872, 0, '2026-06-08 16:35:00', '2026-06-14 16:35:00', 253, 2),
(873, 1, '2026-06-15 16:35:00', '2026-06-16 16:35:00', 253, 3),
(874, 0, '2026-06-05 09:00:00', '2026-06-06 09:00:00', 254, 1),
(875, 0, '2026-06-06 09:00:00', '2026-06-13 09:00:00', 254, 2),
(876, 1, '2026-06-14 09:00:00', '2026-06-15 09:00:00', 254, 3),
(877, 0, '2026-06-02 15:45:00', '2026-06-03 15:45:00', 255, 1),
(878, 0, '2026-06-03 15:45:00', '2026-06-08 15:45:00', 255, 2),
(879, 1, '2026-06-09 15:45:00', '2026-06-10 15:45:00', 255, 3),
(880, 0, '2026-06-03 14:10:00', '2026-06-04 14:10:00', 256, 1),
(881, 1, '2026-06-04 14:10:00', '2026-06-07 14:10:00', 256, 2),
(882, 0, '2026-06-09 14:20:00', '2026-06-10 14:20:00', 257, 1),
(883, 1, '2026-06-10 14:20:00', '2026-06-18 14:20:00', 257, 2),
(884, 0, '2026-06-08 16:45:00', '2026-06-09 16:45:00', 258, 1),
(885, 1, '2026-06-09 16:45:00', '2026-06-16 16:45:00', 258, 2),
(886, 0, '2026-06-05 10:10:00', '2026-06-06 10:10:00', 259, 1),
(887, 1, '2026-06-06 10:10:00', '2026-06-13 10:10:00', 259, 2),
(888, 0, '2026-06-01 09:20:00', '2026-06-02 09:20:00', 260, 1),
(889, 1, '2026-06-02 09:20:00', '2026-06-03 09:20:00', 260, 2),
(890, 0, '2026-06-09 16:20:00', '2026-06-10 16:20:00', 261, 1),
(891, 1, '2026-06-10 16:20:00', '2026-06-18 16:20:00', 261, 2),
(892, 1, '2026-06-06 15:20:00', '2026-06-06 15:20:00', 262, 1),
(893, 1, '2026-06-04 09:10:00', '2026-06-04 09:10:00', 263, 1),
(894, 1, '2026-06-02 14:20:00', '2026-06-02 14:20:00', 264, 1),
(895, 0, '2026-06-03 11:00:00', '2026-06-04 11:00:00', 265, 1),
(896, 1, '2026-06-05 11:00:00', '2026-06-05 11:00:00', 265, 5),
(897, 0, '2026-01-05 15:10:00', '2026-01-05 15:10:00', 9, 3),
(898, 1, '2026-01-06 15:10:00', '2026-01-06 15:10:00', 9, 4),
(899, 0, '2026-01-27 09:45:00', '2026-01-27 09:45:00', 11, 3),
(900, 1, '2026-01-28 09:45:00', '2026-01-28 09:45:00', 11, 4),
(901, 0, '2026-01-19 10:45:00', '2026-01-19 10:45:00', 19, 3),
(902, 1, '2026-01-20 10:45:00', '2026-01-20 10:45:00', 19, 4),
(903, 0, '2026-01-31 11:45:00', '2026-01-31 11:45:00', 22, 3),
(904, 1, '2026-02-01 11:45:00', '2026-02-01 11:45:00', 22, 4),
(905, 0, '2026-02-04 15:20:00', '2026-02-04 15:20:00', 27, 3),
(906, 1, '2026-02-05 15:20:00', '2026-02-05 15:20:00', 27, 4),
(907, 0, '2026-02-27 14:45:00', '2026-02-27 14:45:00', 42, 3),
(908, 1, '2026-02-28 14:45:00', '2026-02-28 14:45:00', 42, 4),
(909, 0, '2026-02-13 16:00:00', '2026-02-13 16:00:00', 48, 3),
(910, 1, '2026-02-14 16:00:00', '2026-02-14 16:00:00', 48, 4),
(911, 0, '2026-02-18 14:35:00', '2026-02-18 14:35:00', 61, 3),
(912, 1, '2026-02-19 14:35:00', '2026-02-19 14:35:00', 61, 4),
(913, 0, '2026-03-29 15:35:00', '2026-03-29 15:35:00', 66, 3),
(914, 1, '2026-03-30 15:35:00', '2026-03-30 15:35:00', 66, 4),
(915, 0, '2026-03-17 16:00:00', '2026-03-17 16:00:00', 73, 3),
(916, 1, '2026-03-18 16:00:00', '2026-03-18 16:00:00', 73, 4);

INSERT INTO produto_pedido (id, qtd_produto, preco_unitario, preco_total, peso_unitario, peso_total, created_at, updated_at, pedido_id, produto_id) VALUES
(1, 1, 12.90, 12.90, 0.09, 0.09, '2026-01-07 16:20:00', '2026-01-07 16:20:00', 1, 63),
(2, 1, 13.55, 13.55, 0.09, 0.09, '2026-01-14 14:35:00', '2026-01-14 14:35:00', 2, 81),
(3, 12, 24.90, 298.80, 0.10, 1.14, '2026-01-14 14:35:00', '2026-01-14 14:35:00', 2, 36),
(4, 1, 23.65, 23.65, 0.10, 0.10, '2026-01-20 15:20:00', '2026-01-20 15:20:00', 3, 25),
(5, 25, 22.90, 572.50, 0.09, 2.12, '2026-01-25 10:10:00', '2026-01-25 10:10:00', 4, 34),
(6, 12, 26.14, 313.68, 0.10, 1.14, '2026-01-25 10:10:00', '2026-01-25 10:10:00', 4, 26),
(7, 8, 12.90, 103.20, 0.09, 0.68, '2026-01-25 10:10:00', '2026-01-25 10:10:00', 4, 2),
(8, 2, 24.90, 49.80, 0.10, 0.19, '2026-01-25 10:10:00', '2026-01-25 10:10:00', 4, 46),
(9, 1, 11.90, 11.90, 0.07, 0.07, '2026-01-04 14:00:00', '2026-01-04 14:00:00', 5, 8),
(10, 20, 26.14, 522.80, 0.10, 1.90, '2026-01-08 16:20:00', '2026-01-08 16:20:00', 6, 74),
(11, 12, 21.75, 261.00, 0.09, 1.02, '2026-01-08 16:20:00', '2026-01-08 16:20:00', 6, 29),
(12, 3, 23.65, 70.95, 0.10, 0.29, '2026-01-17 11:35:00', '2026-01-17 11:35:00', 7, 41),
(13, 4, 24.90, 99.60, 0.10, 0.38, '2026-01-17 11:35:00', '2026-01-17 11:35:00', 7, 21),
(14, 3, 24.90, 74.70, 0.10, 0.29, '2026-01-22 11:45:00', '2026-01-22 11:45:00', 8, 11),
(15, 1, 23.65, 23.65, 0.10, 0.10, '2026-01-01 15:10:00', '2026-01-01 15:10:00', 9, 5),
(16, 1, 21.75, 21.75, 0.09, 0.09, '2026-01-07 11:10:00', '2026-01-07 11:10:00', 10, 54),
(17, 15, 11.90, 178.50, 0.07, 1.05, '2026-01-07 11:10:00', '2026-01-07 11:10:00', 10, 33),
(18, 10, 10.40, 104.00, 0.06, 0.55, '2026-01-15 09:45:00', '2026-01-15 09:45:00', 11, 72),
(19, 25, 11.90, 297.50, 0.07, 1.75, '2026-01-15 09:45:00', '2026-01-15 09:45:00', 11, 43),
(20, 5, 22.90, 114.50, 0.09, 0.43, '2026-01-22 11:00:00', '2026-01-22 11:00:00', 12, 14),
(21, 1, 24.90, 24.90, 0.10, 0.10, '2026-01-22 11:00:00', '2026-01-22 11:00:00', 12, 11),
(22, 5, 24.90, 124.50, 0.10, 0.47, '2026-01-27 14:20:00', '2026-01-27 14:20:00', 13, 10),
(23, 10, 26.14, 261.40, 0.10, 0.95, '2026-01-27 14:20:00', '2026-01-27 14:20:00', 13, 15),
(24, 1, 12.90, 12.90, 0.09, 0.09, '2026-01-27 14:20:00', '2026-01-27 14:20:00', 13, 59),
(25, 5, 24.90, 124.50, 0.10, 0.47, '2026-01-27 14:20:00', '2026-01-27 14:20:00', 13, 15),
(26, 15, 11.30, 169.50, 0.07, 1.05, '2026-01-02 09:20:00', '2026-01-02 09:20:00', 14, 18),
(27, 3, 22.90, 68.70, 0.09, 0.26, '2026-01-02 09:20:00', '2026-01-02 09:20:00', 14, 19),
(28, 20, 24.04, 480.80, 0.09, 1.70, '2026-01-12 10:10:00', '2026-01-12 10:10:00', 15, 44),
(29, 1, 12.90, 12.90, 0.09, 0.09, '2026-01-19 10:00:00', '2026-01-19 10:00:00', 16, 12),
(30, 8, 21.75, 174.00, 0.09, 0.68, '2026-01-26 11:45:00', '2026-01-26 11:45:00', 17, 9),
(31, 20, 12.90, 258.00, 0.09, 1.70, '2026-01-31 14:45:00', '2026-01-31 14:45:00', 18, 27),
(32, 2, 23.65, 47.30, 0.10, 0.19, '2026-01-07 10:45:00', '2026-01-07 10:45:00', 19, 31),
(33, 1, 24.90, 24.90, 0.10, 0.10, '2026-01-07 10:45:00', '2026-01-07 10:45:00', 19, 35),
(34, 3, 13.55, 40.65, 0.09, 0.26, '2026-01-07 10:45:00', '2026-01-07 10:45:00', 19, 52),
(35, 10, 24.90, 249.00, 0.10, 0.95, '2026-01-07 10:45:00', '2026-01-07 10:45:00', 19, 20),
(36, 2, 23.65, 47.30, 0.10, 0.19, '2026-01-13 14:00:00', '2026-01-13 14:00:00', 20, 16),
(37, 1, 26.14, 26.14, 0.10, 0.10, '2026-01-20 15:35:00', '2026-01-20 15:35:00', 21, 20),
(38, 30, 24.90, 747.00, 0.10, 2.85, '2026-01-20 15:35:00', '2026-01-20 15:35:00', 21, 6),
(39, 8, 24.90, 199.20, 0.10, 0.76, '2026-01-27 11:45:00', '2026-01-27 11:45:00', 22, 60),
(40, 3, 24.90, 74.70, 0.10, 0.29, '2026-01-27 11:45:00', '2026-01-27 11:45:00', 22, 45),
(41, 25, 12.50, 312.50, 0.07, 1.75, '2026-01-27 11:45:00', '2026-01-27 11:45:00', 22, 23),
(42, 30, 12.90, 387.00, 0.09, 2.55, '2026-01-05 10:10:00', '2026-01-05 10:10:00', 23, 47),
(43, 1, 94.90, 94.90, 0.42, 0.42, '2026-01-05 10:10:00', '2026-01-05 10:10:00', 23, 61),
(44, 1, 11.90, 11.90, 0.07, 0.07, '2026-01-11 15:00:00', '2026-01-11 15:00:00', 24, 48),
(45, 8, 12.90, 103.20, 0.09, 0.68, '2026-01-17 14:00:00', '2026-01-17 14:00:00', 25, 37),
(46, 4, 11.90, 47.60, 0.07, 0.28, '2026-01-24 16:00:00', '2026-01-24 16:00:00', 26, 3),
(47, 3, 11.90, 35.70, 0.07, 0.21, '2026-01-31 15:20:00', '2026-01-31 15:20:00', 27, 43),
(48, 4, 23.65, 94.60, 0.10, 0.38, '2026-01-07 16:45:00', '2026-01-07 16:45:00', 28, 26),
(49, 2, 11.90, 23.80, 0.07, 0.14, '2026-01-07 16:45:00', '2026-01-07 16:45:00', 28, 38),
(50, 1, 24.90, 24.90, 0.10, 0.10, '2026-02-07 14:20:00', '2026-02-07 14:20:00', 29, 6),
(51, 10, 24.90, 249.00, 0.10, 0.95, '2026-02-07 14:20:00', '2026-02-07 14:20:00', 29, 1),
(52, 5, 26.14, 130.70, 0.10, 0.47, '2026-02-07 14:20:00', '2026-02-07 14:20:00', 29, 6),
(53, 8, 13.55, 108.40, 0.09, 0.68, '2026-02-14 10:45:00', '2026-02-14 10:45:00', 30, 17),
(54, 30, 22.90, 687.00, 0.09, 2.55, '2026-02-14 10:45:00', '2026-02-14 10:45:00', 30, 44),
(55, 4, 23.65, 94.60, 0.10, 0.38, '2026-02-21 11:35:00', '2026-02-21 11:35:00', 31, 10),
(56, 25, 23.65, 591.25, 0.10, 2.38, '2026-02-03 15:35:00', '2026-02-03 15:35:00', 32, 51),
(57, 1, 22.90, 22.90, 0.09, 0.09, '2026-02-10 09:00:00', '2026-02-10 09:00:00', 33, 9),
(58, 12, 23.65, 283.80, 0.10, 1.14, '2026-02-16 09:45:00', '2026-02-16 09:45:00', 34, 11),
(59, 15, 22.90, 343.50, 0.09, 1.28, '2026-02-16 09:45:00', '2026-02-16 09:45:00', 34, 14),
(60, 30, 24.90, 747.00, 0.10, 2.85, '2026-02-16 09:45:00', '2026-02-16 09:45:00', 34, 40),
(61, 2, 26.14, 52.28, 0.10, 0.19, '2026-02-23 14:00:00', '2026-02-23 14:00:00', 35, 41),
(62, 4, 11.90, 47.60, 0.07, 0.28, '2026-02-23 14:00:00', '2026-02-23 14:00:00', 35, 23),
(63, 1, 24.90, 24.90, 0.10, 0.10, '2026-02-28 15:00:00', '2026-02-28 15:00:00', 36, 5),
(64, 25, 23.65, 591.25, 0.10, 2.38, '2026-02-28 15:00:00', '2026-02-28 15:00:00', 36, 6),
(65, 1, 24.90, 24.90, 0.10, 0.10, '2026-02-28 15:00:00', '2026-02-28 15:00:00', 36, 31),
(66, 15, 22.90, 343.50, 0.09, 1.28, '2026-02-28 15:00:00', '2026-02-28 15:00:00', 36, 24),
(67, 1, 11.30, 11.30, 0.07, 0.07, '2026-02-08 10:20:00', '2026-02-08 10:20:00', 37, 43),
(68, 30, 13.55, 406.50, 0.09, 2.55, '2026-02-14 16:20:00', '2026-02-14 16:20:00', 38, 52),
(69, 40, 1.71, 68.40, 0.00, 0.12, '2026-02-24 11:00:00', '2026-02-24 11:00:00', 39, 66),
(70, 2, 12.90, 25.80, 0.09, 0.17, '2026-02-24 11:00:00', '2026-02-24 11:00:00', 39, 73),
(71, 3, 22.90, 68.70, 0.09, 0.26, '2026-02-03 14:20:00', '2026-02-03 14:20:00', 40, 9),
(72, 4, 24.90, 99.60, 0.10, 0.38, '2026-02-03 14:20:00', '2026-02-03 14:20:00', 40, 26),
(73, 3, 12.90, 38.70, 0.09, 0.26, '2026-02-07 14:10:00', '2026-02-07 14:10:00', 41, 17),
(74, 10, 12.25, 122.50, 0.09, 0.85, '2026-02-17 14:45:00', '2026-02-17 14:45:00', 42, 12),
(75, 2, 24.90, 49.80, 0.10, 0.19, '2026-02-17 14:45:00', '2026-02-17 14:45:00', 42, 15),
(76, 10, 21.75, 217.50, 0.09, 0.85, '2026-02-17 14:45:00', '2026-02-17 14:45:00', 42, 14),
(77, 1, 11.30, 11.30, 0.07, 0.07, '2026-02-24 09:20:00', '2026-02-24 09:20:00', 43, 18),
(78, 25, 24.90, 622.50, 0.10, 2.38, '2026-02-28 09:45:00', '2026-02-28 09:45:00', 44, 31),
(79, 5, 12.25, 61.25, 0.09, 0.43, '2026-02-28 09:45:00', '2026-02-28 09:45:00', 44, 12),
(80, 20, 21.75, 435.00, 0.09, 1.70, '2026-02-28 09:45:00', '2026-02-28 09:45:00', 44, 9),
(81, 15, 24.90, 373.50, 0.10, 1.43, '2026-02-07 16:20:00', '2026-02-07 16:20:00', 45, 20),
(82, 25, 24.04, 601.00, 0.09, 2.12, '2026-02-14 14:45:00', '2026-02-14 14:45:00', 46, 34),
(83, 1, 12.90, 12.90, 0.09, 0.09, '2026-02-22 10:35:00', '2026-02-22 10:35:00', 47, 27),
(84, 1, 13.55, 13.55, 0.09, 0.09, '2026-02-02 16:00:00', '2026-02-02 16:00:00', 48, 12),
(85, 25, 23.65, 591.25, 0.10, 2.38, '2026-02-09 11:35:00', '2026-02-09 11:35:00', 49, 35),
(86, 30, 24.90, 747.00, 0.10, 2.85, '2026-02-09 11:35:00', '2026-02-09 11:35:00', 49, 20),
(87, 1, 24.90, 24.90, 0.10, 0.10, '2026-02-16 15:35:00', '2026-02-16 15:35:00', 50, 1),
(88, 8, 12.90, 103.20, 0.09, 0.68, '2026-02-23 14:45:00', '2026-02-23 14:45:00', 51, 52),
(89, 3, 24.90, 74.70, 0.10, 0.29, '2026-02-28 16:35:00', '2026-02-28 16:35:00', 52, 36),
(90, 5, 12.25, 61.25, 0.09, 0.43, '2026-02-08 14:10:00', '2026-02-08 14:10:00', 53, 12),
(91, 1, 24.90, 24.90, 0.10, 0.10, '2026-02-15 14:00:00', '2026-02-15 14:00:00', 54, 45),
(92, 2, 13.55, 27.10, 0.09, 0.17, '2026-02-15 14:00:00', '2026-02-15 14:00:00', 54, 2),
(93, 1, 26.14, 26.14, 0.10, 0.10, '2026-02-23 15:00:00', '2026-02-23 15:00:00', 55, 64),
(94, 2, 26.14, 52.28, 0.10, 0.19, '2026-02-23 15:00:00', '2026-02-23 15:00:00', 55, 20),
(95, 2, 12.50, 25.00, 0.07, 0.14, '2026-02-28 16:10:00', '2026-02-28 16:10:00', 56, 23),
(96, 12, 24.90, 298.80, 0.10, 1.14, '2026-02-08 10:10:00', '2026-02-08 10:10:00', 57, 26),
(97, 4, 12.25, 49.00, 0.09, 0.34, '2026-02-14 16:00:00', '2026-02-14 16:00:00', 58, 17),
(98, 25, 23.65, 591.25, 0.10, 2.38, '2026-02-22 09:20:00', '2026-02-22 09:20:00', 59, 5),
(99, 10, 13.55, 135.50, 0.09, 0.85, '2026-02-02 09:45:00', '2026-02-02 09:45:00', 60, 63),
(100, 2, 22.90, 45.80, 0.09, 0.17, '2026-02-10 14:35:00', '2026-02-10 14:35:00', 61, 14),
(101, 8, 22.90, 183.20, 0.09, 0.68, '2026-02-10 14:35:00', '2026-02-10 14:35:00', 61, 14),
(102, 2, 21.75, 43.50, 0.09, 0.17, '2026-02-17 14:45:00', '2026-02-17 14:45:00', 62, 24),
(103, 3, 24.04, 72.12, 0.09, 0.26, '2026-02-17 14:45:00', '2026-02-17 14:45:00', 62, 24),
(104, 1, 99.65, 99.65, 0.42, 0.42, '2026-02-21 14:35:00', '2026-02-21 14:35:00', 63, 83),
(105, 1, 11.90, 11.90, 0.07, 0.07, '2026-02-21 14:35:00', '2026-02-21 14:35:00', 63, 38),
(106, 12, 26.14, 313.68, 0.10, 1.14, '2026-02-03 15:10:00', '2026-02-03 15:10:00', 64, 50),
(107, 20, 23.65, 473.00, 0.10, 1.90, '2026-03-11 11:10:00', '2026-03-11 11:10:00', 65, 1),
(108, 2, 23.65, 47.30, 0.10, 0.19, '2026-03-11 11:10:00', '2026-03-11 11:10:00', 65, 1),
(109, 25, 12.90, 322.50, 0.09, 2.12, '2026-03-19 15:35:00', '2026-03-19 15:35:00', 66, 32),
(110, 2, 12.25, 24.50, 0.09, 0.17, '2026-03-19 15:35:00', '2026-03-19 15:35:00', 66, 27),
(111, 30, 24.90, 747.00, 0.10, 2.85, '2026-03-24 09:20:00', '2026-03-24 09:20:00', 67, 10),
(112, 25, 24.90, 622.50, 0.10, 2.38, '2026-03-31 16:10:00', '2026-03-31 16:10:00', 68, 36),
(113, 4, 13.55, 54.20, 0.09, 0.34, '2026-03-31 16:10:00', '2026-03-31 16:10:00', 68, 32),
(114, 25, 11.90, 297.50, 0.07, 1.75, '2026-03-08 15:20:00', '2026-03-08 15:20:00', 69, 23),
(115, 30, 21.75, 652.50, 0.09, 2.55, '2026-03-17 15:35:00', '2026-03-17 15:35:00', 70, 49),
(116, 4, 24.90, 99.60, 0.10, 0.38, '2026-03-17 15:35:00', '2026-03-17 15:35:00', 70, 21),
(117, 5, 12.25, 61.25, 0.09, 0.43, '2026-03-24 16:20:00', '2026-03-24 16:20:00', 71, 63),
(118, 20, 23.65, 473.00, 0.10, 1.90, '2026-03-24 16:20:00', '2026-03-24 16:20:00', 71, 41),
(119, 5, 24.04, 120.20, 0.09, 0.43, '2026-03-24 16:20:00', '2026-03-24 16:20:00', 71, 4),
(120, 3, 24.90, 74.70, 0.10, 0.29, '2026-03-31 16:35:00', '2026-03-31 16:35:00', 72, 41),
(121, 25, 12.90, 322.50, 0.09, 2.12, '2026-03-31 16:35:00', '2026-03-31 16:35:00', 72, 22),
(122, 1, 12.50, 12.50, 0.07, 0.07, '2026-03-07 16:00:00', '2026-03-07 16:00:00', 73, 18),
(123, 1, 12.25, 12.25, 0.09, 0.09, '2026-03-07 16:00:00', '2026-03-07 16:00:00', 73, 27),
(124, 1, 94.90, 94.90, 0.42, 0.42, '2026-03-07 16:00:00', '2026-03-07 16:00:00', 73, 83),
(125, 8, 24.90, 199.20, 0.10, 0.76, '2026-03-07 16:00:00', '2026-03-07 16:00:00', 73, 46),
(126, 1, 26.14, 26.14, 0.10, 0.10, '2026-03-11 10:45:00', '2026-03-11 10:45:00', 74, 6),
(127, 1, 12.25, 12.25, 0.09, 0.09, '2026-03-18 09:35:00', '2026-03-18 09:35:00', 75, 42),
(128, 25, 23.65, 591.25, 0.10, 2.38, '2026-03-18 09:35:00', '2026-03-18 09:35:00', 75, 30),
(129, 15, 12.25, 183.75, 0.09, 1.28, '2026-03-26 09:10:00', '2026-03-26 09:10:00', 76, 47),
(130, 10, 26.14, 261.40, 0.10, 0.95, '2026-03-26 09:10:00', '2026-03-26 09:10:00', 76, 15),
(131, 1, 26.14, 26.14, 0.10, 0.10, '2026-03-02 16:10:00', '2026-03-02 16:10:00', 77, 16),
(132, 20, 23.65, 473.00, 0.10, 1.90, '2026-03-02 16:10:00', '2026-03-02 16:10:00', 77, 30),
(133, 8, 21.75, 174.00, 0.09, 0.68, '2026-03-08 11:20:00', '2026-03-08 11:20:00', 78, 9),
(134, 1, 24.90, 24.90, 0.10, 0.10, '2026-03-16 14:45:00', '2026-03-16 14:45:00', 79, 30),
(135, 2, 12.25, 24.50, 0.09, 0.17, '2026-03-16 14:45:00', '2026-03-16 14:45:00', 79, 81),
(136, 1, 24.90, 24.90, 0.10, 0.10, '2026-03-22 10:00:00', '2026-03-22 10:00:00', 80, 51),
(137, 10, 24.04, 240.40, 0.09, 0.85, '2026-03-31 10:35:00', '2026-03-31 10:35:00', 81, 49),
(138, 20, 12.50, 250.00, 0.07, 1.40, '2026-03-05 15:35:00', '2026-03-05 15:35:00', 82, 3),
(139, 12, 24.90, 298.80, 0.10, 1.14, '2026-03-13 11:45:00', '2026-03-13 11:45:00', 83, 35),
(140, 1, 23.65, 23.65, 0.10, 0.10, '2026-03-13 11:45:00', '2026-03-13 11:45:00', 83, 10),
(141, 30, 26.14, 784.20, 0.10, 2.85, '2026-03-19 15:20:00', '2026-03-19 15:20:00', 84, 41),
(142, 4, 24.90, 99.60, 0.10, 0.38, '2026-03-19 15:20:00', '2026-03-19 15:20:00', 84, 21),
(143, 4, 23.65, 94.60, 0.10, 0.38, '2026-03-19 15:20:00', '2026-03-19 15:20:00', 84, 16),
(144, 1, 13.55, 13.55, 0.09, 0.09, '2026-03-27 11:00:00', '2026-03-27 11:00:00', 85, 52),
(145, 25, 12.50, 312.50, 0.07, 1.75, '2026-03-04 16:20:00', '2026-03-04 16:20:00', 86, 48),
(146, 1, 23.65, 23.65, 0.10, 0.10, '2026-03-04 16:20:00', '2026-03-04 16:20:00', 86, 36),
(147, 8, 26.14, 209.12, 0.10, 0.76, '2026-03-04 16:20:00', '2026-03-04 16:20:00', 86, 46),
(148, 15, 23.65, 354.75, 0.10, 1.43, '2026-03-11 15:00:00', '2026-03-11 15:00:00', 87, 16),
(149, 25, 13.55, 338.75, 0.09, 2.12, '2026-03-16 10:20:00', '2026-03-16 10:20:00', 88, 17),
(150, 25, 22.90, 572.50, 0.09, 2.12, '2026-03-26 09:00:00', '2026-03-26 09:00:00', 89, 34),
(151, 30, 12.90, 387.00, 0.09, 2.55, '2026-03-31 09:35:00', '2026-03-31 09:35:00', 90, 63),
(152, 2, 24.90, 49.80, 0.10, 0.19, '2026-03-31 09:35:00', '2026-03-31 09:35:00', 90, 64),
(153, 2, 22.90, 45.80, 0.09, 0.17, '2026-03-31 09:35:00', '2026-03-31 09:35:00', 90, 19),
(154, 12, 11.90, 142.80, 0.07, 0.84, '2026-03-07 14:35:00', '2026-03-07 14:35:00', 91, 3),
(155, 10, 26.14, 261.40, 0.10, 0.95, '2026-03-07 14:35:00', '2026-03-07 14:35:00', 91, 25),
(156, 30, 24.90, 747.00, 0.10, 2.85, '2026-03-14 16:35:00', '2026-03-14 16:35:00', 92, 25),
(157, 2, 24.90, 49.80, 0.10, 0.19, '2026-03-23 11:45:00', '2026-03-23 11:45:00', 93, 1),
(158, 12, 24.90, 298.80, 0.10, 1.14, '2026-03-23 11:45:00', '2026-03-23 11:45:00', 93, 20),
(159, 30, 22.90, 687.00, 0.09, 2.55, '2026-03-23 11:45:00', '2026-03-23 11:45:00', 93, 44),
(160, 3, 94.90, 284.70, 0.42, 1.26, '2026-03-30 15:35:00', '2026-03-30 15:35:00', 94, 75),
(161, 12, 23.65, 283.80, 0.10, 1.14, '2026-03-30 15:35:00', '2026-03-30 15:35:00', 94, 20),
(162, 2, 24.90, 49.80, 0.10, 0.19, '2026-03-05 14:00:00', '2026-03-05 14:00:00', 95, 45),
(163, 1, 24.90, 24.90, 0.10, 0.10, '2026-03-10 11:10:00', '2026-03-10 11:10:00', 96, 36),
(164, 4, 22.90, 91.60, 0.09, 0.34, '2026-03-19 14:35:00', '2026-03-19 14:35:00', 97, 4),
(165, 30, 23.65, 709.50, 0.10, 2.85, '2026-03-19 14:35:00', '2026-03-19 14:35:00', 97, 16),
(166, 1, 24.90, 24.90, 0.10, 0.10, '2026-03-19 14:35:00', '2026-03-19 14:35:00', 97, 50),
(167, 1, 23.65, 23.65, 0.10, 0.10, '2026-03-27 16:10:00', '2026-03-27 16:10:00', 98, 11),
(168, 25, 24.90, 622.50, 0.10, 2.38, '2026-03-27 16:10:00', '2026-03-27 16:10:00', 98, 36),
(169, 2, 24.90, 49.80, 0.10, 0.19, '2026-03-31 14:35:00', '2026-03-31 14:35:00', 99, 41),
(170, 3, 12.90, 38.70, 0.09, 0.26, '2026-03-07 15:00:00', '2026-03-07 15:00:00', 100, 37),
(171, 2, 24.04, 48.08, 0.09, 0.17, '2026-03-07 15:00:00', '2026-03-07 15:00:00', 100, 24),
(172, 3, 12.90, 38.70, 0.09, 0.26, '2026-03-14 09:00:00', '2026-03-14 09:00:00', 101, 2),
(173, 20, 6.20, 124.00, 0.03, 0.56, '2026-03-14 09:00:00', '2026-03-14 09:00:00', 101, 62),
(174, 15, 22.90, 343.50, 0.09, 1.28, '2026-03-21 15:20:00', '2026-03-21 15:20:00', 102, 9),
(175, 2, 23.65, 47.30, 0.10, 0.19, '2026-03-21 15:20:00', '2026-03-21 15:20:00', 102, 78),
(176, 12, 11.90, 142.80, 0.07, 0.84, '2026-03-21 15:20:00', '2026-03-21 15:20:00', 102, 43),
(177, 1, 13.55, 13.55, 0.09, 0.09, '2026-03-21 15:20:00', '2026-03-21 15:20:00', 102, 52),
(178, 8, 12.90, 103.20, 0.09, 0.68, '2026-03-30 15:35:00', '2026-03-30 15:35:00', 103, 55),
(179, 12, 21.75, 261.00, 0.09, 1.02, '2026-03-04 11:35:00', '2026-03-04 11:35:00', 104, 29),
(180, 3, 12.50, 37.50, 0.07, 0.21, '2026-03-14 10:35:00', '2026-03-14 10:35:00', 105, 23),
(181, 1, 11.30, 11.30, 0.07, 0.07, '2026-03-18 15:45:00', '2026-03-18 15:45:00', 106, 8),
(182, 5, 26.14, 130.70, 0.10, 0.47, '2026-03-18 15:45:00', '2026-03-18 15:45:00', 106, 40),
(183, 2, 26.14, 52.28, 0.10, 0.19, '2026-03-25 16:10:00', '2026-03-25 16:10:00', 107, 16),
(184, 30, 21.75, 652.50, 0.09, 2.55, '2026-03-03 15:20:00', '2026-03-03 15:20:00', 108, 14),
(185, 2, 9.90, 19.80, 0.06, 0.11, '2026-03-03 15:20:00', '2026-03-03 15:20:00', 108, 72),
(186, 12, 22.90, 274.80, 0.09, 1.02, '2026-03-03 15:20:00', '2026-03-03 15:20:00', 108, 39),
(187, 2, 11.90, 23.80, 0.07, 0.14, '2026-03-08 10:10:00', '2026-03-08 10:10:00', 109, 48),
(188, 1, 23.65, 23.65, 0.10, 0.10, '2026-03-17 16:35:00', '2026-03-17 16:35:00', 110, 6),
(189, 4, 26.14, 104.56, 0.10, 0.38, '2026-03-17 16:35:00', '2026-03-17 16:35:00', 110, 20),
(190, 5, 13.55, 67.75, 0.09, 0.43, '2026-03-23 11:00:00', '2026-03-23 11:00:00', 111, 52),
(191, 10, 13.55, 135.50, 0.09, 0.85, '2026-03-23 11:00:00', '2026-03-23 11:00:00', 111, 32),
(192, 2, 11.90, 23.80, 0.07, 0.14, '2026-03-23 11:00:00', '2026-03-23 11:00:00', 111, 33),
(193, 10, 11.90, 119.00, 0.07, 0.70, '2026-03-31 16:00:00', '2026-03-31 16:00:00', 112, 8),
(194, 2, 24.90, 49.80, 0.10, 0.19, '2026-03-31 16:00:00', '2026-03-31 16:00:00', 112, 10),
(195, 10, 11.90, 119.00, 0.07, 0.70, '2026-04-15 14:45:00', '2026-04-15 14:45:00', 113, 8),
(196, 30, 11.90, 357.00, 0.07, 2.10, '2026-04-20 14:35:00', '2026-04-20 14:35:00', 114, 3),
(197, 5, 11.90, 59.50, 0.07, 0.35, '2026-04-28 09:10:00', '2026-04-28 09:10:00', 115, 18),
(198, 25, 11.30, 282.50, 0.07, 1.75, '2026-04-28 09:10:00', '2026-04-28 09:10:00', 115, 43),
(199, 5, 12.25, 61.25, 0.09, 0.43, '2026-04-07 10:20:00', '2026-04-07 10:20:00', 116, 12),
(200, 8, 23.65, 189.20, 0.10, 0.76, '2026-04-07 10:20:00', '2026-04-07 10:20:00', 116, 1),
(201, 25, 21.75, 543.75, 0.09, 2.12, '2026-04-13 16:35:00', '2026-04-13 16:35:00', 117, 39),
(202, 1, 99.65, 99.65, 0.42, 0.42, '2026-04-13 16:35:00', '2026-04-13 16:35:00', 117, 79),
(203, 30, 23.65, 709.50, 0.10, 2.85, '2026-04-13 16:35:00', '2026-04-13 16:35:00', 117, 6),
(204, 4, 34.90, 139.60, 0.32, 1.28, '2026-04-20 15:20:00', '2026-04-20 15:20:00', 118, 67),
(205, 5, 12.25, 61.25, 0.09, 0.43, '2026-04-20 15:20:00', '2026-04-20 15:20:00', 118, 2),
(206, 15, 12.90, 193.50, 0.09, 1.28, '2026-04-20 15:20:00', '2026-04-20 15:20:00', 118, 12),
(207, 8, 23.65, 189.20, 0.10, 0.76, '2026-04-26 14:00:00', '2026-04-26 14:00:00', 119, 26),
(208, 3, 12.90, 38.70, 0.09, 0.26, '2026-04-26 14:00:00', '2026-04-26 14:00:00', 119, 55),
(209, 8, 23.65, 189.20, 0.10, 0.76, '2026-04-05 16:00:00', '2026-04-05 16:00:00', 120, 30),
(210, 5, 12.50, 62.50, 0.07, 0.35, '2026-04-11 09:20:00', '2026-04-11 09:20:00', 121, 13),
(211, 12, 11.90, 142.80, 0.07, 0.84, '2026-04-11 09:20:00', '2026-04-11 09:20:00', 121, 13),
(212, 30, 26.14, 784.20, 0.10, 2.85, '2026-04-17 09:00:00', '2026-04-17 09:00:00', 122, 6),
(213, 10, 1.89, 18.90, 0.00, 0.03, '2026-04-25 11:45:00', '2026-04-25 11:45:00', 123, 66),
(214, 4, 33.15, 132.60, 0.32, 1.28, '2026-04-30 15:45:00', '2026-04-30 15:45:00', 124, 67),
(215, 1, 12.25, 12.25, 0.09, 0.09, '2026-04-10 09:10:00', '2026-04-10 09:10:00', 125, 52),
(216, 3, 9.90, 29.70, 0.06, 0.17, '2026-04-10 09:10:00', '2026-04-10 09:10:00', 125, 72),
(217, 3, 23.65, 70.95, 0.10, 0.29, '2026-04-10 09:10:00', '2026-04-10 09:10:00', 125, 11),
(218, 25, 12.90, 322.50, 0.09, 2.12, '2026-04-10 09:10:00', '2026-04-10 09:10:00', 125, 12),
(219, 10, 23.65, 236.50, 0.10, 0.95, '2026-04-15 15:10:00', '2026-04-15 15:10:00', 126, 40),
(220, 2, 22.90, 45.80, 0.09, 0.17, '2026-04-22 15:20:00', '2026-04-22 15:20:00', 127, 39),
(221, 1, 99.65, 99.65, 0.42, 0.42, '2026-04-29 10:10:00', '2026-04-29 10:10:00', 128, 75),
(222, 30, 24.90, 747.00, 0.10, 2.85, '2026-04-05 16:20:00', '2026-04-05 16:20:00', 129, 20),
(223, 2, 21.75, 43.50, 0.09, 0.17, '2026-04-05 16:20:00', '2026-04-05 16:20:00', 129, 9),
(224, 8, 12.50, 100.00, 0.07, 0.56, '2026-04-05 16:20:00', '2026-04-05 16:20:00', 129, 13),
(225, 2, 12.50, 25.00, 0.07, 0.14, '2026-04-05 16:20:00', '2026-04-05 16:20:00', 129, 48),
(226, 25, 24.90, 622.50, 0.10, 2.38, '2026-04-12 15:00:00', '2026-04-12 15:00:00', 130, 1),
(227, 2, 26.14, 52.28, 0.10, 0.19, '2026-04-19 16:20:00', '2026-04-19 16:20:00', 131, 45),
(228, 4, 12.25, 49.00, 0.09, 0.34, '2026-04-19 16:20:00', '2026-04-19 16:20:00', 131, 27),
(229, 1, 26.14, 26.14, 0.10, 0.10, '2026-04-29 15:35:00', '2026-04-29 15:35:00', 132, 45),
(230, 2, 24.04, 48.08, 0.09, 0.17, '2026-04-03 16:10:00', '2026-04-03 16:10:00', 133, 4),
(231, 3, 22.90, 68.70, 0.09, 0.26, '2026-04-03 16:10:00', '2026-04-03 16:10:00', 133, 34),
(232, 5, 23.65, 118.25, 0.10, 0.47, '2026-04-12 16:10:00', '2026-04-12 16:10:00', 134, 20),
(233, 1, 94.90, 94.90, 0.42, 0.42, '2026-04-12 16:10:00', '2026-04-12 16:10:00', 134, 57),
(234, 10, 12.25, 122.50, 0.09, 0.85, '2026-04-20 11:00:00', '2026-04-20 11:00:00', 135, 32),
(235, 3, 12.90, 38.70, 0.09, 0.26, '2026-04-24 14:20:00', '2026-04-24 14:20:00', 136, 12),
(236, 8, 12.90, 103.20, 0.09, 0.68, '2026-04-24 14:20:00', '2026-04-24 14:20:00', 136, 47),
(237, 30, 22.90, 687.00, 0.09, 2.55, '2026-04-01 09:45:00', '2026-04-01 09:45:00', 137, 19),
(238, 10, 26.14, 261.40, 0.10, 0.95, '2026-04-01 09:45:00', '2026-04-01 09:45:00', 137, 5),
(239, 5, 13.55, 67.75, 0.09, 0.43, '2026-04-01 09:45:00', '2026-04-01 09:45:00', 137, 12),
(240, 2, 12.90, 25.80, 0.09, 0.17, '2026-04-01 09:45:00', '2026-04-01 09:45:00', 137, 22),
(241, 1, 24.90, 24.90, 0.10, 0.10, '2026-04-11 10:35:00', '2026-04-11 10:35:00', 138, 25),
(242, 2, 26.14, 52.28, 0.10, 0.19, '2026-04-11 10:35:00', '2026-04-11 10:35:00', 138, 51),
(243, 1, 12.90, 12.90, 0.09, 0.09, '2026-04-11 10:35:00', '2026-04-11 10:35:00', 138, 27),
(244, 20, 26.14, 522.80, 0.10, 1.90, '2026-04-11 10:35:00', '2026-04-11 10:35:00', 138, 64),
(245, 8, 13.55, 108.40, 0.09, 0.68, '2026-04-18 15:35:00', '2026-04-18 15:35:00', 139, 2),
(246, 10, 12.50, 125.00, 0.07, 0.70, '2026-04-18 15:35:00', '2026-04-18 15:35:00', 139, 8),
(247, 1, 24.90, 24.90, 0.10, 0.10, '2026-04-18 15:35:00', '2026-04-18 15:35:00', 139, 26),
(248, 12, 11.90, 142.80, 0.07, 0.84, '2026-04-24 14:45:00', '2026-04-24 14:45:00', 140, 18),
(249, 8, 12.90, 103.20, 0.09, 0.68, '2026-04-29 09:10:00', '2026-04-29 09:10:00', 141, 52),
(250, 15, 34.90, 523.50, 0.32, 4.80, '2026-04-29 09:10:00', '2026-04-29 09:10:00', 141, 67),
(251, 8, 23.65, 189.20, 0.10, 0.76, '2026-04-06 10:35:00', '2026-04-06 10:35:00', 142, 25),
(252, 1, 24.90, 24.90, 0.10, 0.10, '2026-04-06 10:35:00', '2026-04-06 10:35:00', 142, 26),
(253, 1, 23.65, 23.65, 0.10, 0.10, '2026-04-14 11:45:00', '2026-04-14 11:45:00', 143, 5),
(254, 20, 12.25, 245.00, 0.09, 1.70, '2026-04-14 11:45:00', '2026-04-14 11:45:00', 143, 73),
(255, 1, 21.75, 21.75, 0.09, 0.09, '2026-04-20 09:45:00', '2026-04-20 09:45:00', 144, 14),
(256, 5, 24.90, 124.50, 0.10, 0.47, '2026-04-20 09:45:00', '2026-04-20 09:45:00', 144, 11),
(257, 2, 23.65, 47.30, 0.10, 0.19, '2026-04-29 14:20:00', '2026-04-29 14:20:00', 145, 60),
(258, 4, 26.14, 104.56, 0.10, 0.38, '2026-04-29 14:20:00', '2026-04-29 14:20:00', 145, 5),
(259, 20, 24.90, 498.00, 0.10, 1.90, '2026-04-29 14:20:00', '2026-04-29 14:20:00', 145, 16),
(260, 25, 26.14, 653.50, 0.10, 2.38, '2026-04-05 09:35:00', '2026-04-05 09:35:00', 146, 26),
(261, 5, 12.25, 61.25, 0.09, 0.43, '2026-04-05 09:35:00', '2026-04-05 09:35:00', 146, 81),
(262, 5, 22.90, 114.50, 0.09, 0.43, '2026-04-14 14:10:00', '2026-04-14 14:10:00', 147, 29),
(263, 4, 12.90, 51.60, 0.09, 0.34, '2026-04-14 14:10:00', '2026-04-14 14:10:00', 147, 7),
(264, 5, 24.04, 120.20, 0.09, 0.43, '2026-04-21 14:10:00', '2026-04-21 14:10:00', 148, 19),
(265, 2, 23.65, 47.30, 0.10, 0.19, '2026-04-27 09:20:00', '2026-04-27 09:20:00', 149, 25),
(266, 3, 12.90, 38.70, 0.09, 0.26, '2026-04-04 16:10:00', '2026-04-04 16:10:00', 150, 17),
(267, 20, 24.04, 480.80, 0.09, 1.70, '2026-04-04 16:10:00', '2026-04-04 16:10:00', 150, 49),
(268, 25, 21.75, 543.75, 0.09, 2.12, '2026-04-09 15:35:00', '2026-04-09 15:35:00', 151, 54),
(269, 1, 26.14, 26.14, 0.10, 0.10, '2026-04-09 15:35:00', '2026-04-09 15:35:00', 151, 6),
(270, 1, 12.25, 12.25, 0.09, 0.09, '2026-04-19 10:20:00', '2026-04-19 10:20:00', 152, 12),
(271, 15, 9.40, 141.00, 0.06, 0.82, '2026-04-23 16:35:00', '2026-04-23 16:35:00', 153, 72),
(272, 1, 12.90, 12.90, 0.09, 0.09, '2026-04-01 14:45:00', '2026-04-01 14:45:00', 154, 55),
(273, 20, 22.90, 458.00, 0.09, 1.70, '2026-04-01 14:45:00', '2026-04-01 14:45:00', 154, 39),
(274, 1, 9.90, 9.90, 0.06, 0.06, '2026-04-07 14:20:00', '2026-04-07 14:20:00', 155, 72),
(275, 1, 12.90, 12.90, 0.09, 0.09, '2026-04-07 14:20:00', '2026-04-07 14:20:00', 155, 69),
(276, 4, 24.90, 99.60, 0.10, 0.38, '2026-04-14 16:20:00', '2026-04-14 16:20:00', 156, 16),
(277, 30, 26.14, 784.20, 0.10, 2.85, '2026-04-14 16:20:00', '2026-04-14 16:20:00', 156, 41),
(278, 1, 22.90, 22.90, 0.09, 0.09, '2026-04-21 16:00:00', '2026-04-21 16:00:00', 157, 19),
(279, 12, 11.30, 135.60, 0.07, 0.84, '2026-04-21 16:00:00', '2026-04-21 16:00:00', 157, 13),
(280, 12, 13.55, 162.60, 0.09, 1.02, '2026-04-29 14:35:00', '2026-04-29 14:35:00', 158, 12),
(281, 25, 24.04, 601.00, 0.09, 2.12, '2026-04-29 14:35:00', '2026-04-29 14:35:00', 158, 54),
(282, 20, 24.90, 498.00, 0.10, 1.90, '2026-04-29 14:35:00', '2026-04-29 14:35:00', 158, 26),
(283, 3, 11.30, 33.90, 0.07, 0.21, '2026-04-06 11:45:00', '2026-04-06 11:45:00', 159, 13),
(284, 8, 24.90, 199.20, 0.10, 0.76, '2026-04-06 11:45:00', '2026-04-06 11:45:00', 159, 5),
(285, 4, 11.90, 47.60, 0.07, 0.28, '2026-04-06 11:45:00', '2026-04-06 11:45:00', 159, 18),
(286, 30, 11.30, 339.00, 0.07, 2.10, '2026-04-06 11:45:00', '2026-04-06 11:45:00', 159, 53),
(287, 8, 11.30, 90.40, 0.07, 0.56, '2026-04-13 11:35:00', '2026-04-13 11:35:00', 160, 8),
(288, 15, 24.90, 373.50, 0.10, 1.43, '2026-04-13 11:35:00', '2026-04-13 11:35:00', 160, 35),
(289, 15, 1.71, 25.65, 0.00, 0.04, '2026-04-13 11:35:00', '2026-04-13 11:35:00', 160, 84),
(290, 1, 24.90, 24.90, 0.10, 0.10, '2026-04-19 15:35:00', '2026-04-19 15:35:00', 161, 1),
(291, 20, 12.25, 245.00, 0.09, 1.70, '2026-04-19 15:35:00', '2026-04-19 15:35:00', 161, 7),
(292, 8, 12.90, 103.20, 0.09, 0.68, '2026-04-27 15:45:00', '2026-04-27 15:45:00', 162, 22),
(293, 2, 13.55, 27.10, 0.09, 0.17, '2026-04-27 15:45:00', '2026-04-27 15:45:00', 162, 2),
(294, 15, 12.90, 193.50, 0.09, 1.28, '2026-04-27 15:45:00', '2026-04-27 15:45:00', 162, 63),
(295, 8, 24.90, 199.20, 0.10, 0.76, '2026-04-06 10:45:00', '2026-04-06 10:45:00', 163, 45),
(296, 5, 26.14, 130.70, 0.10, 0.47, '2026-04-11 11:45:00', '2026-04-11 11:45:00', 164, 46),
(297, 10, 24.90, 249.00, 0.10, 0.95, '2026-04-11 11:45:00', '2026-04-11 11:45:00', 164, 11),
(298, 2, 12.90, 25.80, 0.09, 0.17, '2026-04-19 09:45:00', '2026-04-19 09:45:00', 165, 37),
(299, 4, 11.30, 45.20, 0.07, 0.28, '2026-04-19 09:45:00', '2026-04-19 09:45:00', 165, 28),
(300, 15, 22.90, 343.50, 0.09, 1.28, '2026-04-19 09:45:00', '2026-04-19 09:45:00', 165, 19),
(301, 10, 11.90, 119.00, 0.07, 0.70, '2026-04-27 10:00:00', '2026-04-27 10:00:00', 166, 43),
(302, 15, 5.15, 77.25, 0.02, 0.33, '2026-04-01 10:10:00', '2026-04-01 10:10:00', 167, 85),
(303, 4, 24.90, 99.60, 0.10, 0.38, '2026-04-11 09:45:00', '2026-04-11 09:45:00', 168, 40),
(304, 2, 24.90, 49.80, 0.10, 0.19, '2026-04-17 10:00:00', '2026-04-17 10:00:00', 169, 20),
(305, 12, 24.90, 298.80, 0.10, 1.14, '2026-04-17 10:00:00', '2026-04-17 10:00:00', 169, 15),
(306, 15, 24.90, 373.50, 0.10, 1.43, '2026-04-24 11:35:00', '2026-04-24 11:35:00', 170, 50),
(307, 2, 24.90, 49.80, 0.10, 0.19, '2026-04-24 11:35:00', '2026-04-24 11:35:00', 170, 6),
(308, 15, 33.15, 497.25, 0.32, 4.80, '2026-04-01 15:10:00', '2026-04-01 15:10:00', 171, 67),
(309, 8, 24.90, 199.20, 0.10, 0.76, '2026-04-08 10:45:00', '2026-04-08 10:45:00', 172, 26),
(310, 12, 24.90, 298.80, 0.10, 1.14, '2026-04-08 10:45:00', '2026-04-08 10:45:00', 172, 35),
(311, 3, 34.90, 104.70, 0.32, 0.96, '2026-05-16 15:45:00', '2026-05-16 15:45:00', 173, 67),
(312, 30, 12.25, 367.50, 0.09, 2.55, '2026-05-23 09:20:00', '2026-05-23 09:20:00', 174, 7),
(313, 25, 12.90, 322.50, 0.09, 2.12, '2026-05-23 09:20:00', '2026-05-23 09:20:00', 174, 12),
(314, 10, 12.90, 129.00, 0.09, 0.85, '2026-05-31 15:10:00', '2026-05-31 15:10:00', 175, 2),
(315, 5, 26.14, 130.70, 0.10, 0.47, '2026-05-07 10:35:00', '2026-05-07 10:35:00', 176, 40),
(316, 1, 12.90, 12.90, 0.09, 0.09, '2026-05-07 10:35:00', '2026-05-07 10:35:00', 176, 7),
(317, 4, 11.30, 45.20, 0.07, 0.28, '2026-05-07 10:35:00', '2026-05-07 10:35:00', 176, 8),
(318, 12, 26.14, 313.68, 0.10, 1.14, '2026-05-07 10:35:00', '2026-05-07 10:35:00', 176, 25),
(319, 2, 23.65, 47.30, 0.10, 0.19, '2026-05-13 11:10:00', '2026-05-13 11:10:00', 177, 35),
(320, 1, 24.04, 24.04, 0.09, 0.09, '2026-05-13 11:10:00', '2026-05-13 11:10:00', 177, 9),
(321, 15, 5.90, 88.50, 0.03, 0.42, '2026-05-13 11:10:00', '2026-05-13 11:10:00', 177, 62),
(322, 25, 12.90, 322.50, 0.09, 2.12, '2026-05-23 11:10:00', '2026-05-23 11:10:00', 178, 2),
(323, 20, 13.55, 271.00, 0.09, 1.70, '2026-05-23 11:10:00', '2026-05-23 11:10:00', 178, 55),
(324, 1, 24.04, 24.04, 0.09, 0.09, '2026-05-27 15:10:00', '2026-05-27 15:10:00', 179, 54),
(325, 20, 22.90, 458.00, 0.09, 1.70, '2026-05-27 15:10:00', '2026-05-27 15:10:00', 179, 4),
(326, 4, 12.25, 49.00, 0.09, 0.34, '2026-05-27 15:10:00', '2026-05-27 15:10:00', 179, 2),
(327, 8, 24.04, 192.32, 0.09, 0.68, '2026-05-05 14:45:00', '2026-05-05 14:45:00', 180, 29),
(328, 1, 24.90, 24.90, 0.10, 0.10, '2026-05-11 16:00:00', '2026-05-11 16:00:00', 181, 74),
(329, 25, 21.75, 543.75, 0.09, 2.12, '2026-05-11 16:00:00', '2026-05-11 16:00:00', 181, 44),
(330, 10, 24.90, 249.00, 0.10, 0.95, '2026-05-18 15:10:00', '2026-05-18 15:10:00', 182, 21),
(331, 15, 5.90, 88.50, 0.03, 0.42, '2026-05-18 15:10:00', '2026-05-18 15:10:00', 182, 80),
(332, 12, 21.75, 261.00, 0.09, 1.02, '2026-05-18 15:10:00', '2026-05-18 15:10:00', 182, 14),
(333, 15, 23.65, 354.75, 0.10, 1.43, '2026-05-27 14:10:00', '2026-05-27 14:10:00', 183, 60),
(334, 20, 12.90, 258.00, 0.09, 1.70, '2026-05-27 14:10:00', '2026-05-27 14:10:00', 183, 17),
(335, 1, 12.25, 12.25, 0.09, 0.09, '2026-05-02 14:00:00', '2026-05-02 14:00:00', 184, 42),
(336, 1, 12.25, 12.25, 0.09, 0.09, '2026-05-09 10:35:00', '2026-05-09 10:35:00', 185, 2),
(337, 10, 23.65, 236.50, 0.10, 0.95, '2026-05-09 10:35:00', '2026-05-09 10:35:00', 185, 46),
(338, 2, 12.25, 24.50, 0.09, 0.17, '2026-05-09 10:35:00', '2026-05-09 10:35:00', 185, 17),
(339, 1, 12.50, 12.50, 0.07, 0.07, '2026-05-14 10:00:00', '2026-05-14 10:00:00', 186, 13),
(340, 10, 12.90, 129.00, 0.09, 0.85, '2026-05-14 10:00:00', '2026-05-14 10:00:00', 186, 22),
(341, 30, 12.25, 367.50, 0.09, 2.55, '2026-05-23 10:35:00', '2026-05-23 10:35:00', 187, 12),
(342, 25, 24.90, 622.50, 0.10, 2.38, '2026-05-23 10:35:00', '2026-05-23 10:35:00', 187, 1),
(343, 2, 13.55, 27.10, 0.09, 0.17, '2026-05-28 16:35:00', '2026-05-28 16:35:00', 188, 12),
(344, 1, 26.14, 26.14, 0.10, 0.10, '2026-05-06 11:10:00', '2026-05-06 11:10:00', 189, 46),
(345, 15, 26.14, 392.10, 0.10, 1.43, '2026-05-13 15:35:00', '2026-05-13 15:35:00', 190, 10),
(346, 2, 24.90, 49.80, 0.10, 0.19, '2026-05-18 14:45:00', '2026-05-18 14:45:00', 191, 45),
(347, 3, 23.65, 70.95, 0.10, 0.29, '2026-05-18 14:45:00', '2026-05-18 14:45:00', 191, 5),
(348, 30, 24.04, 721.20, 0.09, 2.55, '2026-05-28 11:10:00', '2026-05-28 11:10:00', 192, 54),
(349, 5, 12.90, 64.50, 0.09, 0.43, '2026-05-01 14:20:00', '2026-05-01 14:20:00', 193, 2),
(350, 1, 12.90, 12.90, 0.09, 0.09, '2026-05-09 09:00:00', '2026-05-09 09:00:00', 194, 2),
(351, 1, 13.55, 13.55, 0.09, 0.09, '2026-05-15 15:10:00', '2026-05-15 15:10:00', 195, 55),
(352, 10, 26.14, 261.40, 0.10, 0.95, '2026-05-24 09:35:00', '2026-05-24 09:35:00', 196, 30),
(353, 5, 12.90, 64.50, 0.09, 0.43, '2026-05-29 10:45:00', '2026-05-29 10:45:00', 197, 81),
(354, 30, 1.80, 54.00, 0.00, 0.09, '2026-05-06 16:35:00', '2026-05-06 16:35:00', 198, 84),
(355, 8, 24.04, 192.32, 0.09, 0.68, '2026-05-06 16:35:00', '2026-05-06 16:35:00', 198, 14),
(356, 3, 11.90, 35.70, 0.07, 0.21, '2026-05-13 11:20:00', '2026-05-13 11:20:00', 199, 53),
(357, 1, 12.25, 12.25, 0.09, 0.09, '2026-05-13 11:20:00', '2026-05-13 11:20:00', 199, 17),
(358, 8, 26.14, 209.12, 0.10, 0.76, '2026-05-13 11:20:00', '2026-05-13 11:20:00', 199, 1),
(359, 20, 26.14, 522.80, 0.10, 1.90, '2026-05-19 09:45:00', '2026-05-19 09:45:00', 200, 78),
(360, 30, 24.04, 721.20, 0.09, 2.55, '2026-05-26 11:10:00', '2026-05-26 11:10:00', 201, 54),
(361, 25, 22.90, 572.50, 0.09, 2.12, '2026-05-26 11:10:00', '2026-05-26 11:10:00', 201, 4),
(362, 10, 26.14, 261.40, 0.10, 0.95, '2026-05-03 11:00:00', '2026-05-03 11:00:00', 202, 45),
(363, 1, 26.14, 26.14, 0.10, 0.10, '2026-05-12 11:10:00', '2026-05-12 11:10:00', 203, 30),
(364, 25, 13.55, 338.75, 0.09, 2.12, '2026-05-12 11:10:00', '2026-05-12 11:10:00', 203, 27),
(365, 10, 9.90, 99.00, 0.06, 0.55, '2026-05-12 11:10:00', '2026-05-12 11:10:00', 203, 72),
(366, 5, 26.14, 130.70, 0.10, 0.47, '2026-05-16 10:35:00', '2026-05-16 10:35:00', 204, 20),
(367, 3, 22.90, 68.70, 0.09, 0.26, '2026-05-16 10:35:00', '2026-05-16 10:35:00', 204, 54),
(368, 5, 12.50, 62.50, 0.07, 0.35, '2026-05-26 16:20:00', '2026-05-26 16:20:00', 205, 13),
(369, 1, 12.50, 12.50, 0.07, 0.07, '2026-05-31 10:00:00', '2026-05-31 10:00:00', 206, 38),
(370, 25, 12.90, 322.50, 0.09, 2.12, '2026-05-31 10:00:00', '2026-05-31 10:00:00', 206, 17),
(371, 2, 12.50, 25.00, 0.07, 0.14, '2026-05-31 10:00:00', '2026-05-31 10:00:00', 206, 3),
(372, 4, 23.65, 94.60, 0.10, 0.38, '2026-05-08 10:20:00', '2026-05-08 10:20:00', 207, 40),
(373, 10, 26.14, 261.40, 0.10, 0.95, '2026-05-08 10:20:00', '2026-05-08 10:20:00', 207, 11),
(374, 1, 12.90, 12.90, 0.09, 0.09, '2026-05-16 15:35:00', '2026-05-16 15:35:00', 208, 27),
(375, 3, 22.90, 68.70, 0.09, 0.26, '2026-05-16 15:35:00', '2026-05-16 15:35:00', 208, 54),
(376, 5, 24.04, 120.20, 0.09, 0.43, '2026-05-21 11:00:00', '2026-05-21 11:00:00', 209, 44),
(377, 4, 11.90, 47.60, 0.07, 0.28, '2026-05-28 09:00:00', '2026-05-28 09:00:00', 210, 8),
(378, 4, 12.25, 49.00, 0.09, 0.34, '2026-05-28 09:00:00', '2026-05-28 09:00:00', 210, 37),
(379, 25, 24.90, 622.50, 0.10, 2.38, '2026-05-04 14:10:00', '2026-05-04 14:10:00', 211, 60),
(380, 2, 12.90, 25.80, 0.09, 0.17, '2026-05-04 14:10:00', '2026-05-04 14:10:00', 211, 7),
(381, 3, 24.90, 74.70, 0.10, 0.29, '2026-05-11 09:00:00', '2026-05-11 09:00:00', 212, 51),
(382, 10, 12.25, 122.50, 0.09, 0.85, '2026-05-11 09:00:00', '2026-05-11 09:00:00', 212, 22),
(383, 20, 24.04, 480.80, 0.09, 1.70, '2026-05-11 09:00:00', '2026-05-11 09:00:00', 212, 49),
(384, 3, 12.25, 36.75, 0.09, 0.26, '2026-05-17 16:35:00', '2026-05-17 16:35:00', 213, 22),
(385, 3, 26.14, 78.42, 0.10, 0.29, '2026-05-17 16:35:00', '2026-05-17 16:35:00', 213, 16),
(386, 1, 24.90, 24.90, 0.10, 0.10, '2026-05-27 16:10:00', '2026-05-27 16:10:00', 214, 10),
(387, 4, 22.90, 91.60, 0.09, 0.34, '2026-05-02 09:10:00', '2026-05-02 09:10:00', 215, 44),
(388, 4, 12.50, 50.00, 0.07, 0.28, '2026-05-02 09:10:00', '2026-05-02 09:10:00', 215, 33),
(389, 20, 24.90, 498.00, 0.10, 1.90, '2026-05-02 09:10:00', '2026-05-02 09:10:00', 215, 46),
(390, 2, 11.30, 22.60, 0.07, 0.14, '2026-05-08 10:45:00', '2026-05-08 10:45:00', 216, 18),
(391, 10, 11.90, 119.00, 0.07, 0.70, '2026-05-16 10:45:00', '2026-05-16 10:45:00', 217, 38),
(392, 20, 26.14, 522.80, 0.10, 1.90, '2026-05-21 15:10:00', '2026-05-21 15:10:00', 218, 21),
(393, 15, 11.30, 169.50, 0.07, 1.05, '2026-05-21 15:10:00', '2026-05-21 15:10:00', 218, 43),
(394, 2, 23.65, 47.30, 0.10, 0.19, '2026-05-31 16:00:00', '2026-05-31 16:00:00', 219, 45),
(395, 4, 24.90, 99.60, 0.10, 0.38, '2026-05-31 16:00:00', '2026-05-31 16:00:00', 219, 25),
(396, 30, 24.90, 747.00, 0.10, 2.85, '2026-05-31 16:00:00', '2026-05-31 16:00:00', 219, 56),
(397, 4, 24.90, 99.60, 0.10, 0.38, '2026-05-31 16:00:00', '2026-05-31 16:00:00', 219, 41),
(398, 15, 22.90, 343.50, 0.09, 1.28, '2026-05-04 14:45:00', '2026-05-04 14:45:00', 220, 44),
(399, 1, 24.90, 24.90, 0.10, 0.10, '2026-05-04 14:45:00', '2026-05-04 14:45:00', 220, 46),
(400, 2, 26.14, 52.28, 0.10, 0.19, '2026-05-14 15:20:00', '2026-05-14 15:20:00', 221, 41),
(401, 5, 94.90, 474.50, 0.42, 2.10, '2026-05-14 15:20:00', '2026-05-14 15:20:00', 221, 83),
(402, 4, 23.65, 94.60, 0.10, 0.38, '2026-05-14 15:20:00', '2026-05-14 15:20:00', 221, 68),
(403, 2, 11.30, 22.60, 0.07, 0.14, '2026-05-20 09:10:00', '2026-05-20 09:10:00', 222, 3),
(404, 8, 23.65, 189.20, 0.10, 0.76, '2026-05-20 09:10:00', '2026-05-20 09:10:00', 222, 82),
(405, 25, 24.90, 622.50, 0.10, 2.38, '2026-05-20 09:10:00', '2026-05-20 09:10:00', 222, 78),
(406, 12, 24.90, 298.80, 0.10, 1.14, '2026-05-28 15:20:00', '2026-05-28 15:20:00', 223, 31),
(407, 3, 94.90, 284.70, 0.42, 1.26, '2026-05-28 15:20:00', '2026-05-28 15:20:00', 223, 83),
(408, 8, 23.65, 189.20, 0.10, 0.76, '2026-05-02 14:20:00', '2026-05-02 14:20:00', 224, 5),
(409, 1, 12.25, 12.25, 0.09, 0.09, '2026-05-02 14:20:00', '2026-05-02 14:20:00', 224, 12),
(410, 25, 24.90, 622.50, 0.10, 2.38, '2026-05-02 14:20:00', '2026-05-02 14:20:00', 224, 1),
(411, 1, 24.90, 24.90, 0.10, 0.10, '2026-05-02 14:20:00', '2026-05-02 14:20:00', 224, 5),
(412, 5, 9.90, 49.50, 0.06, 0.28, '2026-05-10 09:00:00', '2026-05-10 09:00:00', 225, 72),
(413, 50, 1.89, 94.50, 0.00, 0.15, '2026-05-17 09:10:00', '2026-05-17 09:10:00', 226, 58),
(414, 2, 24.04, 48.08, 0.09, 0.17, '2026-05-23 16:45:00', '2026-05-23 16:45:00', 227, 4),
(415, 25, 12.25, 306.25, 0.09, 2.12, '2026-05-30 10:20:00', '2026-05-30 10:20:00', 228, 17),
(416, 15, 23.65, 354.75, 0.10, 1.43, '2026-05-30 10:20:00', '2026-05-30 10:20:00', 228, 41),
(417, 10, 12.25, 122.50, 0.09, 0.85, '2026-05-30 10:20:00', '2026-05-30 10:20:00', 228, 81),
(418, 8, 12.90, 103.20, 0.09, 0.68, '2026-05-05 11:35:00', '2026-05-05 11:35:00', 229, 12),
(419, 4, 12.90, 51.60, 0.09, 0.34, '2026-05-14 14:10:00', '2026-05-14 14:10:00', 230, 17),
(420, 12, 24.04, 288.48, 0.09, 1.02, '2026-05-14 14:10:00', '2026-05-14 14:10:00', 230, 39),
(421, 1, 94.90, 94.90, 0.42, 0.42, '2026-05-21 10:00:00', '2026-05-21 10:00:00', 231, 61),
(422, 3, 24.90, 74.70, 0.10, 0.29, '2026-05-21 10:00:00', '2026-05-21 10:00:00', 231, 11),
(423, 8, 24.04, 192.32, 0.09, 0.68, '2026-05-27 10:20:00', '2026-05-27 10:20:00', 232, 44),
(424, 1, 12.90, 12.90, 0.09, 0.09, '2026-05-27 10:20:00', '2026-05-27 10:20:00', 232, 17),
(425, 2, 11.30, 22.60, 0.07, 0.14, '2026-05-02 10:45:00', '2026-05-02 10:45:00', 233, 13),
(426, 5, 23.65, 118.25, 0.10, 0.47, '2026-05-02 10:45:00', '2026-05-02 10:45:00', 233, 51),
(427, 5, 11.30, 56.50, 0.07, 0.35, '2026-05-11 11:20:00', '2026-05-11 11:20:00', 234, 28),
(428, 3, 23.65, 70.95, 0.10, 0.29, '2026-05-17 14:20:00', '2026-05-17 14:20:00', 235, 16),
(429, 3, 94.90, 284.70, 0.42, 1.26, '2026-05-24 14:00:00', '2026-05-24 14:00:00', 236, 57),
(430, 8, 12.25, 98.00, 0.09, 0.68, '2026-05-02 11:20:00', '2026-05-02 11:20:00', 237, 69),
(431, 20, 12.90, 258.00, 0.09, 1.70, '2026-05-02 11:20:00', '2026-05-02 11:20:00', 237, 2),
(432, 8, 12.25, 98.00, 0.09, 0.68, '2026-05-09 15:00:00', '2026-05-09 15:00:00', 238, 2),
(433, 3, 23.65, 70.95, 0.10, 0.29, '2026-05-09 15:00:00', '2026-05-09 15:00:00', 238, 74),
(434, 15, 22.90, 343.50, 0.09, 1.28, '2026-05-16 09:00:00', '2026-05-16 09:00:00', 239, 54),
(435, 3, 23.65, 70.95, 0.10, 0.29, '2026-05-16 09:00:00', '2026-05-16 09:00:00', 239, 5),
(436, 3, 12.25, 36.75, 0.09, 0.26, '2026-05-16 09:00:00', '2026-05-16 09:00:00', 239, 47),
(437, 3, 11.90, 35.70, 0.07, 0.21, '2026-05-16 09:00:00', '2026-05-16 09:00:00', 239, 8),
(438, 1, 24.90, 24.90, 0.10, 0.10, '2026-05-21 14:20:00', '2026-05-21 14:20:00', 240, 35),
(439, 3, 24.90, 74.70, 0.10, 0.29, '2026-05-30 09:20:00', '2026-05-30 09:20:00', 241, 10),
(440, 5, 24.90, 124.50, 0.10, 0.47, '2026-05-30 09:20:00', '2026-05-30 09:20:00', 241, 10),
(441, 30, 26.14, 784.20, 0.10, 2.85, '2026-05-04 15:35:00', '2026-05-04 15:35:00', 242, 45),
(442, 1, 94.90, 94.90, 0.42, 0.42, '2026-05-04 15:35:00', '2026-05-04 15:35:00', 242, 61),
(443, 12, 24.90, 298.80, 0.10, 1.14, '2026-05-11 11:00:00', '2026-05-11 11:00:00', 243, 46),
(444, 10, 24.90, 249.00, 0.10, 0.95, '2026-05-11 11:00:00', '2026-05-11 11:00:00', 243, 6),
(445, 30, 1.80, 54.00, 0.00, 0.09, '2026-05-18 09:20:00', '2026-05-18 09:20:00', 244, 76),
(446, 8, 11.90, 95.20, 0.07, 0.56, '2026-05-18 09:20:00', '2026-05-18 09:20:00', 244, 28),
(447, 12, 23.65, 283.80, 0.10, 1.14, '2026-05-26 11:45:00', '2026-05-26 11:45:00', 245, 5),
(448, 2, 12.50, 25.00, 0.07, 0.14, '2026-05-01 09:20:00', '2026-05-01 09:20:00', 246, 18),
(449, 10, 12.90, 129.00, 0.09, 0.85, '2026-05-01 09:20:00', '2026-05-01 09:20:00', 246, 69),
(450, 8, 12.50, 100.00, 0.07, 0.56, '2026-05-09 14:00:00', '2026-05-09 14:00:00', 247, 3),
(451, 50, 5.15, 257.50, 0.02, 1.10, '2026-05-17 16:35:00', '2026-05-17 16:35:00', 248, 85),
(452, 10, 24.90, 249.00, 0.10, 0.95, '2026-05-21 10:10:00', '2026-05-21 10:10:00', 249, 35),
(453, 12, 11.90, 142.80, 0.07, 0.84, '2026-05-28 10:35:00', '2026-05-28 10:35:00', 250, 33),
(454, 12, 13.55, 162.60, 0.09, 1.02, '2026-05-28 10:35:00', '2026-05-28 10:35:00', 250, 32),
(455, 25, 12.90, 322.50, 0.09, 2.12, '2026-06-02 15:00:00', '2026-06-02 15:00:00', 251, 81),
(456, 25, 24.90, 622.50, 0.10, 2.38, '2026-06-02 14:35:00', '2026-06-02 14:35:00', 252, 1),
(457, 2, 24.04, 48.08, 0.09, 0.17, '2026-06-07 16:35:00', '2026-06-07 16:35:00', 253, 49),
(458, 15, 11.90, 178.50, 0.07, 1.05, '2026-06-07 16:35:00', '2026-06-07 16:35:00', 253, 53),
(459, 1, 22.90, 22.90, 0.09, 0.09, '2026-06-07 16:35:00', '2026-06-07 16:35:00', 253, 9),
(460, 2, 12.90, 25.80, 0.09, 0.17, '2026-06-05 09:00:00', '2026-06-05 09:00:00', 254, 32),
(461, 15, 11.30, 169.50, 0.07, 1.05, '2026-06-05 09:00:00', '2026-06-05 09:00:00', 254, 53),
(462, 8, 12.25, 98.00, 0.09, 0.68, '2026-06-02 15:45:00', '2026-06-02 15:45:00', 255, 37),
(463, 30, 22.90, 687.00, 0.09, 2.55, '2026-06-02 15:45:00', '2026-06-02 15:45:00', 255, 14),
(464, 5, 24.90, 124.50, 0.10, 0.47, '2026-06-02 15:45:00', '2026-06-02 15:45:00', 255, 15),
(465, 2, 11.90, 23.80, 0.07, 0.14, '2026-06-02 15:45:00', '2026-06-02 15:45:00', 255, 70),
(466, 4, 23.65, 94.60, 0.10, 0.38, '2026-06-03 14:10:00', '2026-06-03 14:10:00', 256, 50),
(467, 5, 23.65, 118.25, 0.10, 0.47, '2026-06-03 14:10:00', '2026-06-03 14:10:00', 256, 10),
(468, 30, 26.14, 784.20, 0.10, 2.85, '2026-06-03 14:10:00', '2026-06-03 14:10:00', 256, 16),
(469, 2, 11.30, 22.60, 0.07, 0.14, '2026-06-09 14:20:00', '2026-06-09 14:20:00', 257, 48),
(470, 1, 24.04, 24.04, 0.09, 0.09, '2026-06-09 14:20:00', '2026-06-09 14:20:00', 257, 34),
(471, 2, 12.90, 25.80, 0.09, 0.17, '2026-06-09 14:20:00', '2026-06-09 14:20:00', 257, 55),
(472, 2, 12.25, 24.50, 0.09, 0.17, '2026-06-09 14:20:00', '2026-06-09 14:20:00', 257, 32),
(473, 1, 94.90, 94.90, 0.42, 0.42, '2026-06-08 16:45:00', '2026-06-08 16:45:00', 258, 79),
(474, 5, 24.90, 124.50, 0.10, 0.47, '2026-06-05 10:10:00', '2026-06-05 10:10:00', 259, 50),
(475, 4, 26.14, 104.56, 0.10, 0.38, '2026-06-01 09:20:00', '2026-06-01 09:20:00', 260, 35),
(476, 12, 12.50, 150.00, 0.07, 0.84, '2026-06-01 09:20:00', '2026-06-01 09:20:00', 260, 13),
(477, 3, 12.25, 36.75, 0.09, 0.26, '2026-06-01 09:20:00', '2026-06-01 09:20:00', 260, 81),
(478, 4, 11.90, 47.60, 0.07, 0.28, '2026-06-01 09:20:00', '2026-06-01 09:20:00', 260, 48),
(479, 12, 23.65, 283.80, 0.10, 1.14, '2026-06-09 16:20:00', '2026-06-09 16:20:00', 261, 1),
(480, 30, 24.90, 747.00, 0.10, 2.85, '2026-06-09 16:20:00', '2026-06-09 16:20:00', 261, 1),
(481, 30, 11.30, 339.00, 0.07, 2.10, '2026-06-06 15:20:00', '2026-06-06 15:20:00', 262, 28),
(482, 5, 12.50, 62.50, 0.07, 0.35, '2026-06-04 09:10:00', '2026-06-04 09:10:00', 263, 8),
(483, 15, 22.90, 343.50, 0.09, 1.28, '2026-06-02 14:20:00', '2026-06-02 14:20:00', 264, 14),
(484, 8, 24.90, 199.20, 0.10, 0.76, '2026-06-02 14:20:00', '2026-06-02 14:20:00', 264, 40),
(485, 3, 12.90, 38.70, 0.09, 0.26, '2026-06-03 11:00:00', '2026-06-03 11:00:00', 265, 59),
(486, 4, 22.90, 91.60, 0.09, 0.34, '2026-06-03 11:00:00', '2026-06-03 11:00:00', 265, 44);

INSERT INTO movimentacao (id, tipo, descricao, valor, status_pagamento, data_vencimento, data_pagamento, status, created_at, updated_at, categoria_movimentacao_id, contraparte_id) VALUES
(1, 'Receita', 'Recebimento pedido PED-001 - Aline Ferreira', 12.90, 'Pago', '2026-01-13', '2026-01-13', 1, '2026-01-07 16:20:00', '2026-01-13 16:00:00', 1, 10),
(2, 'Receita', 'Recebimento pedido PED-002 - Boutique Aurora Kids', 312.35, 'Pago', '2026-01-24', '2026-01-24', 1, '2026-01-14 14:35:00', '2026-01-24 16:00:00', 1, 9),
(3, 'Receita', 'Recebimento pedido PED-004 - Colegio Jardim das Letras', 1039.18, 'Pago', '2026-02-01', '2026-02-01', 1, '2026-01-25 10:10:00', '2026-02-01 16:00:00', 1, 8),
(4, 'Receita', 'Recebimento pedido PED-005 - Aline Ferreira', 11.90, 'Pago', '2026-01-15', '2026-01-15', 1, '2026-01-04 14:00:00', '2026-01-15 16:00:00', 1, 9),
(5, 'Receita', 'Recebimento pedido PED-007 - Felipe Martins', 170.55, 'Pago', '2026-01-22', '2026-01-22', 1, '2026-01-17 11:35:00', '2026-01-22 16:00:00', 1, 13),
(6, 'Receita', 'Recebimento pedido PED-008 - Thiago Costa', 74.70, 'Pago', '2026-01-31', '2026-01-31', 1, '2026-01-22 11:45:00', '2026-01-31 16:00:00', 1, 8),
(7, 'Receita', 'Recebimento pedido PED-010 - Fernanda Oliveira', 200.25, 'Pago', '2026-01-14', '2026-01-14', 1, '2026-01-07 11:10:00', '2026-01-14 16:00:00', 1, 11),
(8, 'Receita', 'Entrada de 50% pedido PED-011 - Renato Pires', 200.75, 'Pago', '2026-01-15', '2026-01-15', 1, '2026-01-15 09:45:00', '2026-01-15 12:45:00', 1, 10),
(9, 'Receita', 'Recebimento pedido PED-012 - Bruno Carvalho', 139.40, 'Pago', '2026-01-31', '2026-01-31', 1, '2026-01-22 11:00:00', '2026-01-31 16:00:00', 1, 8),
(10, 'Receita', 'Recebimento pedido PED-013 - Eduardo Rocha', 523.30, 'Pago', '2026-02-08', '2026-02-08', 1, '2026-01-27 14:20:00', '2026-02-08 16:00:00', 1, 9),
(11, 'Receita', 'Recebimento pedido PED-014 - Camila Torres', 238.20, 'Pago', '2026-01-10', '2026-01-10', 1, '2026-01-02 09:20:00', '2026-01-10 16:00:00', 1, 9),
(12, 'Receita', 'Recebimento pedido PED-016 - Bianca Nascimento', 12.90, 'Pago', '2026-01-30', '2026-01-30', 1, '2026-01-19 10:00:00', '2026-01-30 16:00:00', 1, 9),
(13, 'Receita', 'Recebimento pedido PED-017 - Mariana Souza', 174.00, 'Pago', '2026-02-08', '2026-02-08', 1, '2026-01-26 11:45:00', '2026-02-08 16:00:00', 1, 9),
(14, 'Receita', 'Recebimento pedido PED-018 - Carolina Duarte', 258.00, 'Pago', '2026-02-07', '2026-02-07', 1, '2026-01-31 14:45:00', '2026-02-07 16:00:00', 1, 10),
(15, 'Receita', 'Entrada de 50% pedido PED-019 - Juliana Ribeiro', 180.93, 'Pago', '2026-01-07', '2026-01-07', 1, '2026-01-07 10:45:00', '2026-01-07 13:45:00', 1, 8),
(16, 'Receita', 'Recebimento pedido PED-020 - RH Solucoes Humanas', 47.30, 'Pago', '2026-01-23', '2026-01-23', 1, '2026-01-13 14:00:00', '2026-01-23 16:00:00', 1, 11),
(17, 'Receita', 'Recebimento pedido PED-021 - Andre Moura', 773.14, 'Pago', '2026-01-28', '2026-01-28', 1, '2026-01-20 15:35:00', '2026-01-28 16:00:00', 1, 8),
(18, 'Receita', 'Recebimento pedido PED-023 - Felipe Martins', 481.90, 'Pago', '2026-01-10', '2026-01-10', 1, '2026-01-05 10:10:00', '2026-01-10 16:00:00', 1, 11),
(19, 'Receita', 'Recebimento pedido PED-024 - Renato Pires', 11.90, 'Pago', '2026-01-21', '2026-01-21', 1, '2026-01-11 15:00:00', '2026-01-21 16:00:00', 1, 9),
(20, 'Receita', 'Recebimento pedido PED-025 - Camila Torres', 103.20, 'Pago', '2026-01-30', '2026-01-30', 1, '2026-01-17 14:00:00', '2026-01-30 16:00:00', 1, 9),
(21, 'Receita', 'Recebimento pedido PED-026 - Felipe Martins', 47.60, 'Pago', '2026-02-06', '2026-02-06', 1, '2026-01-24 16:00:00', '2026-02-06 16:00:00', 1, 8),
(22, 'Receita', 'Entrada de 50% pedido PED-027 - Carolina Duarte', 17.85, 'Pago', '2026-01-31', '2026-01-31', 1, '2026-01-31 15:20:00', '2026-01-31 18:20:00', 1, 9),
(23, 'Receita', 'Recebimento pedido PED-028 - Felipe Martins', 118.40, 'Pago', '2026-01-20', '2026-01-20', 1, '2026-01-07 16:45:00', '2026-01-20 16:00:00', 1, 9),
(24, 'Receita', 'Recebimento pedido PED-029 - Renato Pires', 404.60, 'Pago', '2026-02-20', '2026-02-20', 1, '2026-02-07 14:20:00', '2026-02-20 16:00:00', 1, 9),
(25, 'Receita', 'Recebimento pedido PED-030 - Fernanda Oliveira', 795.40, 'Pago', '2026-02-22', '2026-02-22', 1, '2026-02-14 10:45:00', '2026-02-22 16:00:00', 1, 8),
(26, 'Receita', 'Recebimento pedido PED-031 - Paula Siqueira', 94.60, 'Pago', '2026-02-28', '2026-02-28', 1, '2026-02-21 11:35:00', '2026-02-28 16:00:00', 1, 8),
(27, 'Receita', 'Recebimento pedido PED-032 - Leonardo Cunha', 591.25, 'Pago', '2026-02-15', '2026-02-15', 1, '2026-02-03 15:35:00', '2026-02-15 16:00:00', 1, 10),
(28, 'Receita', 'Recebimento pedido PED-033 - Henrique Farias', 22.90, 'Pago', '2026-02-14', '2026-02-14', 1, '2026-02-10 09:00:00', '2026-02-14 16:00:00', 1, 9),
(29, 'Receita', 'Recebimento pedido PED-035 - Bruno Carvalho', 99.88, 'Pago', '2026-03-07', '2026-03-07', 1, '2026-02-23 14:00:00', '2026-03-07 16:00:00', 1, 13),
(30, 'Receita', 'Recebimento pedido PED-036 - Rodrigo Teles', 984.55, 'Pago', '2026-03-12', '2026-03-12', 1, '2026-02-28 15:00:00', '2026-03-12 16:00:00', 1, 8),
(31, 'Receita', 'Recebimento pedido PED-037 - Patricia Gomes', 11.30, 'Pago', '2026-02-13', '2026-02-13', 1, '2026-02-08 10:20:00', '2026-02-13 16:00:00', 1, 9),
(32, 'Receita', 'Entrada de 50% pedido PED-038 - Thiago Costa', 203.25, 'Pago', '2026-02-14', '2026-02-14', 1, '2026-02-14 16:20:00', '2026-02-14 19:20:00', 1, 8),
(33, 'Receita', 'Recebimento pedido PED-039 - Bruno Carvalho', 94.20, 'Pago', '2026-03-01', '2026-03-01', 1, '2026-02-24 11:00:00', '2026-03-01 16:00:00', 1, 8),
(34, 'Receita', 'Entrada de 50% pedido PED-040 - Thiago Costa', 84.15, 'Pago', '2026-02-03', '2026-02-03', 1, '2026-02-03 14:20:00', '2026-02-03 17:20:00', 1, 9),
(35, 'Receita', 'Entrada de 50% pedido PED-041 - Colegio Jardim das Letras', 19.35, 'Pago', '2026-02-07', '2026-02-07', 1, '2026-02-07 14:10:00', '2026-02-07 17:10:00', 1, 9),
(36, 'Receita', 'Entrada de 50% pedido PED-042 - Atelie Manu Festas', 194.90, 'Pago', '2026-02-17', '2026-02-17', 1, '2026-02-17 14:45:00', '2026-02-17 17:45:00', 1, 12),
(37, 'Receita', 'Entrada de 50% pedido PED-043 - Beatriz Menezes', 5.65, 'Pago', '2026-02-24', '2026-02-24', 1, '2026-02-24 09:20:00', '2026-02-24 12:20:00', 1, 13),
(38, 'Receita', 'Recebimento pedido PED-044 - Sabrina Teixeira', 1118.75, 'Pago', '2026-03-07', '2026-03-07', 1, '2026-02-28 09:45:00', '2026-03-07 16:00:00', 1, 9),
(39, 'Receita', 'Recebimento pedido PED-045 - Fernanda Oliveira', 373.50, 'Pago', '2026-02-18', '2026-02-18', 1, '2026-02-07 16:20:00', '2026-02-18 16:00:00', 1, 13),
(40, 'Receita', 'Recebimento pedido PED-046 - Colegio Jardim das Letras', 601.00, 'Pago', '2026-02-24', '2026-02-24', 1, '2026-02-14 14:45:00', '2026-02-24 16:00:00', 1, 10),
(41, 'Receita', 'Recebimento pedido PED-047 - Fernanda Oliveira', 12.90, 'Pago', '2026-03-01', '2026-03-01', 1, '2026-02-22 10:35:00', '2026-03-01 16:00:00', 1, 9),
(42, 'Receita', 'Entrada de 50% pedido PED-048 - Rafael Almeida', 6.78, 'Pago', '2026-02-02', '2026-02-02', 1, '2026-02-02 16:00:00', '2026-02-02 19:00:00', 1, 11),
(43, 'Receita', 'Recebimento pedido PED-049 - Thiago Costa', 1338.25, 'Pago', '2026-02-17', '2026-02-17', 1, '2026-02-09 11:35:00', '2026-02-17 16:00:00', 1, 8),
(44, 'Receita', 'Recebimento pedido PED-051 - Marcio Vieira', 103.20, 'Pago', '2026-03-03', '2026-03-03', 1, '2026-02-23 14:45:00', '2026-03-03 16:00:00', 1, 12),
(45, 'Receita', 'Recebimento pedido PED-052 - Fernanda Oliveira', 74.70, 'Pago', '2026-03-13', '2026-03-13', 1, '2026-02-28 16:35:00', '2026-03-13 16:00:00', 1, 11),
(46, 'Receita', 'Recebimento pedido PED-054 - Sabrina Teixeira', 52.00, 'Pago', '2026-02-24', '2026-02-24', 1, '2026-02-15 14:00:00', '2026-02-24 16:00:00', 1, 8),
(47, 'Receita', 'Recebimento pedido PED-055 - Rafael Almeida', 78.42, 'Pago', '2026-03-07', '2026-03-07', 1, '2026-02-23 15:00:00', '2026-03-07 16:00:00', 1, 9),
(48, 'Receita', 'Recebimento pedido PED-056 - Larissa Nogueira', 25.00, 'Pago', '2026-03-04', '2026-03-04', 1, '2026-02-28 16:10:00', '2026-03-04 16:00:00', 1, 9),
(49, 'Receita', 'Recebimento pedido PED-057 - Tatiane Lopes', 298.80, 'Pago', '2026-02-14', '2026-02-14', 1, '2026-02-08 10:10:00', '2026-02-14 16:00:00', 1, 10),
(50, 'Receita', 'Recebimento pedido PED-058 - Fernanda Oliveira', 49.00, 'Pago', '2026-02-27', '2026-02-27', 1, '2026-02-14 16:00:00', '2026-02-27 16:00:00', 1, 9),
(51, 'Receita', 'Recebimento pedido PED-059 - Felipe Martins', 591.25, 'Pago', '2026-03-03', '2026-03-03', 1, '2026-02-22 09:20:00', '2026-03-03 16:00:00', 1, 12),
(52, 'Receita', 'Recebimento pedido PED-060 - Studio Bella Noivas', 135.50, 'Pago', '2026-02-09', '2026-02-09', 1, '2026-02-02 09:45:00', '2026-02-09 16:00:00', 1, 13),
(53, 'Receita', 'Recebimento pedido PED-062 - Leonardo Cunha', 115.62, 'Pago', '2026-02-28', '2026-02-28', 1, '2026-02-17 14:45:00', '2026-02-28 16:00:00', 1, 9),
(54, 'Receita', 'Recebimento pedido PED-063 - Eduardo Rocha', 111.55, 'Pago', '2026-02-25', '2026-02-25', 1, '2026-02-21 14:35:00', '2026-02-25 16:00:00', 1, 9),
(55, 'Receita', 'Recebimento pedido PED-064 - Daniela Campos', 313.68, 'Pago', '2026-02-09', '2026-02-09', 1, '2026-02-03 15:10:00', '2026-02-09 16:00:00', 1, 10),
(56, 'Receita', 'Recebimento pedido PED-065 - Fernanda Oliveira', 520.30, 'Pago', '2026-03-16', '2026-03-16', 1, '2026-03-11 11:10:00', '2026-03-16 16:00:00', 1, 8),
(57, 'Receita', 'Entrada de 50% pedido PED-066 - Juliana Ribeiro', 173.50, 'Pago', '2026-03-19', '2026-03-19', 1, '2026-03-19 15:35:00', '2026-03-19 18:35:00', 1, 13),
(58, 'Receita', 'Recebimento pedido PED-067 - Mariana Souza', 747.00, 'Pago', '2026-03-30', '2026-03-30', 1, '2026-03-24 09:20:00', '2026-03-30 16:00:00', 1, 9),
(59, 'Receita', 'Recebimento pedido PED-068 - Thiago Costa', 676.70, 'Pago', '2026-04-11', '2026-04-11', 1, '2026-03-31 16:10:00', '2026-04-11 16:00:00', 1, 10),
(60, 'Receita', 'Entrada de 50% pedido PED-069 - Thiago Costa', 148.75, 'Pago', '2026-03-08', '2026-03-08', 1, '2026-03-08 15:20:00', '2026-03-08 18:20:00', 1, 9),
(61, 'Receita', 'Recebimento pedido PED-070 - Aline Ferreira', 752.10, 'Pago', '2026-03-22', '2026-03-22', 1, '2026-03-17 15:35:00', '2026-03-22 16:00:00', 1, 9),
(62, 'Receita', 'Recebimento pedido PED-071 - Priscila Amaral', 654.45, 'Pago', '2026-03-28', '2026-03-28', 1, '2026-03-24 16:20:00', '2026-03-28 16:00:00', 1, 9),
(63, 'Receita', 'Recebimento pedido PED-072 - Priscila Amaral', 397.20, 'Pago', '2026-04-09', '2026-04-09', 1, '2026-03-31 16:35:00', '2026-04-09 16:00:00', 1, 9),
(64, 'Receita', 'Entrada de 50% pedido PED-073 - Eduardo Rocha', 159.43, 'Pago', '2026-03-07', '2026-03-07', 1, '2026-03-07 16:00:00', '2026-03-07 19:00:00', 1, 9),
(65, 'Receita', 'Recebimento pedido PED-075 - Mariana Souza', 603.50, 'Pago', '2026-03-27', '2026-03-27', 1, '2026-03-18 09:35:00', '2026-03-27 16:00:00', 1, 9),
(66, 'Receita', 'Recebimento pedido PED-076 - Leonardo Cunha', 445.15, 'Pago', '2026-04-02', '2026-04-02', 1, '2026-03-26 09:10:00', '2026-04-02 16:00:00', 1, 10),
(67, 'Receita', 'Recebimento pedido PED-077 - Aline Ferreira', 499.14, 'Pago', '2026-03-10', '2026-03-10', 1, '2026-03-02 16:10:00', '2026-03-10 16:00:00', 1, 10),
(68, 'Receita', 'Recebimento pedido PED-078 - Boutique Aurora Kids', 174.00, 'Pago', '2026-03-12', '2026-03-12', 1, '2026-03-08 11:20:00', '2026-03-12 16:00:00', 1, 9),
(69, 'Receita', 'Recebimento pedido PED-079 - Erika Matos', 49.40, 'Pago', '2026-03-21', '2026-03-21', 1, '2026-03-16 14:45:00', '2026-03-21 16:00:00', 1, 9),
(70, 'Receita', 'Entrada de 50% pedido PED-080 - Camila Torres', 12.45, 'Pago', '2026-03-22', '2026-03-22', 1, '2026-03-22 10:00:00', '2026-03-22 13:00:00', 1, 8),
(71, 'Receita', 'Recebimento pedido PED-081 - Atelie Manu Festas', 240.40, 'Pago', '2026-04-11', '2026-04-11', 1, '2026-03-31 10:35:00', '2026-04-11 16:00:00', 1, 9),
(72, 'Receita', 'Recebimento pedido PED-082 - Monica Reis', 250.00, 'Pago', '2026-03-15', '2026-03-15', 1, '2026-03-05 15:35:00', '2026-03-15 16:00:00', 1, 9),
(73, 'Receita', 'Entrada de 50% pedido PED-084 - Mariana Souza', 489.20, 'Pago', '2026-03-19', '2026-03-19', 1, '2026-03-19 15:20:00', '2026-03-19 18:20:00', 1, 11),
(74, 'Receita', 'Recebimento pedido PED-085 - Sabrina Teixeira', 13.55, 'Pago', '2026-04-05', '2026-04-05', 1, '2026-03-27 11:00:00', '2026-04-05 16:00:00', 1, 10),
(75, 'Receita', 'Recebimento pedido PED-086 - Fabio Moreira', 545.27, 'Pago', '2026-03-17', '2026-03-17', 1, '2026-03-04 16:20:00', '2026-03-17 16:00:00', 1, 9),
(76, 'Receita', 'Recebimento pedido PED-087 - Leonardo Cunha', 354.75, 'Pago', '2026-03-17', '2026-03-17', 1, '2026-03-11 15:00:00', '2026-03-17 16:00:00', 1, 8),
(77, 'Receita', 'Recebimento pedido PED-088 - Camila Torres', 338.75, 'Pago', '2026-03-22', '2026-03-22', 1, '2026-03-16 10:20:00', '2026-03-22 16:00:00', 1, 9),
(78, 'Receita', 'Recebimento pedido PED-089 - Mariana Souza', 572.50, 'Pago', '2026-04-05', '2026-04-05', 1, '2026-03-26 09:00:00', '2026-04-05 16:00:00', 1, 10),
(79, 'Receita', 'Recebimento pedido PED-090 - Claudia Martins', 482.60, 'Pago', '2026-04-13', '2026-04-13', 1, '2026-03-31 09:35:00', '2026-04-13 16:00:00', 1, 9),
(80, 'Receita', 'Recebimento pedido PED-091 - Renato Pires', 404.20, 'Pago', '2026-03-14', '2026-03-14', 1, '2026-03-07 14:35:00', '2026-03-14 16:00:00', 1, 9),
(81, 'Receita', 'Recebimento pedido PED-092 - Natalia Freitas', 747.00, 'Pago', '2026-03-21', '2026-03-21', 1, '2026-03-14 16:35:00', '2026-03-21 16:00:00', 1, 8),
(82, 'Receita', 'Recebimento pedido PED-093 - Felipe Martins', 1035.60, 'Pago', '2026-03-31', '2026-03-31', 1, '2026-03-23 11:45:00', '2026-03-31 16:00:00', 1, 9),
(83, 'Receita', 'Recebimento pedido PED-094 - Thiago Costa', 568.50, 'Pago', '2026-04-03', '2026-04-03', 1, '2026-03-30 15:35:00', '2026-04-03 16:00:00', 1, 8),
(84, 'Receita', 'Recebimento pedido PED-097 - Igreja Sao Jose - Pastoral', 826.00, 'Pago', '2026-03-23', '2026-03-23', 1, '2026-03-19 14:35:00', '2026-03-23 16:00:00', 1, 11),
(85, 'Receita', 'Entrada de 50% pedido PED-098 - Mariana Souza', 323.07, 'Pago', '2026-03-27', '2026-03-27', 1, '2026-03-27 16:10:00', '2026-03-27 19:10:00', 1, 8),
(86, 'Receita', 'Recebimento pedido PED-099 - Condominio Vista Verde', 49.80, 'Pago', '2026-04-10', '2026-04-10', 1, '2026-03-31 14:35:00', '2026-04-10 16:00:00', 1, 9),
(87, 'Receita', 'Recebimento pedido PED-100 - Doces da Lari', 86.78, 'Pago', '2026-03-17', '2026-03-17', 1, '2026-03-07 15:00:00', '2026-03-17 16:00:00', 1, 8),
(88, 'Receita', 'Recebimento pedido PED-101 - Thiago Costa', 162.70, 'Pago', '2026-03-26', '2026-03-26', 1, '2026-03-14 09:00:00', '2026-03-26 16:00:00', 1, 9),
(89, 'Receita', 'Entrada de 50% pedido PED-102 - Gustavo Lima', 273.57, 'Pago', '2026-03-21', '2026-03-21', 1, '2026-03-21 15:20:00', '2026-03-21 18:20:00', 1, 13),
(90, 'Receita', 'Recebimento pedido PED-103 - Leonardo Cunha', 103.20, 'Pago', '2026-04-10', '2026-04-10', 1, '2026-03-30 15:35:00', '2026-04-10 16:00:00', 1, 10),
(91, 'Receita', 'Entrada de 50% pedido PED-104 - Sabrina Teixeira', 130.50, 'Pago', '2026-03-04', '2026-03-04', 1, '2026-03-04 11:35:00', '2026-03-04 14:35:00', 1, 8),
(92, 'Receita', 'Recebimento pedido PED-105 - Colegio Jardim das Letras', 37.50, 'Pago', '2026-03-19', '2026-03-19', 1, '2026-03-14 10:35:00', '2026-03-19 16:00:00', 1, 12),
(93, 'Receita', 'Recebimento pedido PED-107 - Juliana Ribeiro', 52.28, 'Pago', '2026-04-01', '2026-04-01', 1, '2026-03-25 16:10:00', '2026-04-01 16:00:00', 1, 9),
(94, 'Receita', 'Recebimento pedido PED-108 - Felipe Martins', 947.10, 'Pago', '2026-03-15', '2026-03-15', 1, '2026-03-03 15:20:00', '2026-03-15 16:00:00', 1, 9),
(95, 'Receita', 'Recebimento pedido PED-109 - Renato Pires', 23.80, 'Pago', '2026-03-14', '2026-03-14', 1, '2026-03-08 10:10:00', '2026-03-14 16:00:00', 1, 9),
(96, 'Receita', 'Recebimento pedido PED-111 - Gustavo Lima', 227.05, 'Pago', '2026-03-28', '2026-03-28', 1, '2026-03-23 11:00:00', '2026-03-28 16:00:00', 1, 8),
(97, 'Receita', 'Recebimento pedido PED-112 - Camila Torres', 168.80, 'Pago', '2026-04-06', '2026-04-06', 1, '2026-03-31 16:00:00', '2026-04-06 16:00:00', 1, 8),
(98, 'Receita', 'Recebimento pedido PED-113 - Marcio Vieira', 119.00, 'Pago', '2026-04-26', '2026-04-26', 1, '2026-04-15 14:45:00', '2026-04-26 16:00:00', 1, 10),
(99, 'Receita', 'Recebimento pedido PED-114 - Patricia Gomes', 357.00, 'Pago', '2026-04-25', '2026-04-25', 1, '2026-04-20 14:35:00', '2026-04-25 16:00:00', 1, 9),
(100, 'Receita', 'Entrada de 50% pedido PED-115 - Tatiane Lopes', 171.00, 'Pago', '2026-04-28', '2026-04-28', 1, '2026-04-28 09:10:00', '2026-04-28 12:10:00', 1, 10),
(101, 'Receita', 'Recebimento pedido PED-116 - Leonardo Cunha', 250.45, 'Pago', '2026-04-15', '2026-04-15', 1, '2026-04-07 10:20:00', '2026-04-15 16:00:00', 1, 8),
(102, 'Receita', 'Recebimento pedido PED-117 - Felipe Martins', 1352.90, 'Pago', '2026-04-21', '2026-04-21', 1, '2026-04-13 16:35:00', '2026-04-21 16:00:00', 1, 10),
(103, 'Receita', 'Recebimento pedido PED-118 - Condominio Vista Verde', 394.35, 'Pago', '2026-05-03', '2026-05-03', 1, '2026-04-20 15:20:00', '2026-05-03 16:00:00', 1, 10),
(104, 'Receita', 'Recebimento pedido PED-119 - Rafael Almeida', 227.90, 'Pago', '2026-05-06', '2026-05-06', 1, '2026-04-26 14:00:00', '2026-05-06 16:00:00', 1, 9),
(105, 'Receita', 'Recebimento pedido PED-120 - Thiago Costa', 189.20, 'Pago', '2026-04-13', '2026-04-13', 1, '2026-04-05 16:00:00', '2026-04-13 16:00:00', 1, 8),
(106, 'Receita', 'Recebimento pedido PED-121 - Thiago Costa', 205.30, 'Pago', '2026-04-24', '2026-04-24', 1, '2026-04-11 09:20:00', '2026-04-24 16:00:00', 1, 13),
(107, 'Receita', 'Recebimento pedido PED-124 - Studio Bella Noivas', 132.60, 'Pago', '2026-05-04', '2026-05-04', 1, '2026-04-30 15:45:00', '2026-05-04 16:00:00', 1, 8),
(108, 'Receita', 'Recebimento pedido PED-125 - Sabrina Teixeira', 435.40, 'Pago', '2026-04-17', '2026-04-17', 1, '2026-04-10 09:10:00', '2026-04-17 16:00:00', 1, 9),
(109, 'Receita', 'Recebimento pedido PED-126 - Felipe Martins', 236.50, 'Pago', '2026-04-26', '2026-04-26', 1, '2026-04-15 15:10:00', '2026-04-26 16:00:00', 1, 8),
(110, 'Receita', 'Recebimento pedido PED-127 - Bruno Carvalho', 45.80, 'Pago', '2026-04-30', '2026-04-30', 1, '2026-04-22 15:20:00', '2026-04-30 16:00:00', 1, 9),
(111, 'Receita', 'Recebimento pedido PED-128 - Doces da Lari', 99.65, 'Pago', '2026-05-07', '2026-05-07', 1, '2026-04-29 10:10:00', '2026-05-07 16:00:00', 1, 9),
(112, 'Receita', 'Entrada de 50% pedido PED-129 - Boutique Aurora Kids', 457.75, 'Pago', '2026-04-05', '2026-04-05', 1, '2026-04-05 16:20:00', '2026-04-05 19:20:00', 1, 13),
(113, 'Receita', 'Recebimento pedido PED-130 - Rafael Almeida', 622.50, 'Pago', '2026-04-20', '2026-04-20', 1, '2026-04-12 15:00:00', '2026-04-20 16:00:00', 1, 10),
(114, 'Receita', 'Recebimento pedido PED-131 - Papelaria Ponto Criativo', 101.28, 'Pago', '2026-04-30', '2026-04-30', 1, '2026-04-19 16:20:00', '2026-04-30 16:00:00', 1, 11),
(115, 'Receita', 'Recebimento pedido PED-132 - Renato Pires', 26.14, 'Pago', '2026-05-05', '2026-05-05', 1, '2026-04-29 15:35:00', '2026-05-05 16:00:00', 1, 9),
(116, 'Receita', 'Recebimento pedido PED-133 - Sabrina Teixeira', 116.78, 'Pago', '2026-04-14', '2026-04-14', 1, '2026-04-03 16:10:00', '2026-04-14 16:00:00', 1, 11),
(117, 'Receita', 'Recebimento pedido PED-134 - Bruno Carvalho', 213.15, 'Pago', '2026-04-20', '2026-04-20', 1, '2026-04-12 16:10:00', '2026-04-20 16:00:00', 1, 8),
(118, 'Receita', 'Recebimento pedido PED-135 - Fabio Moreira', 122.50, 'Pago', '2026-04-27', '2026-04-27', 1, '2026-04-20 11:00:00', '2026-04-27 16:00:00', 1, 8),
(119, 'Receita', 'Recebimento pedido PED-136 - Juliana Ribeiro', 141.90, 'Pago', '2026-05-04', '2026-05-04', 1, '2026-04-24 14:20:00', '2026-05-04 16:00:00', 1, 10),
(120, 'Receita', 'Recebimento pedido PED-137 - Studio Bella Noivas', 1041.95, 'Pago', '2026-04-06', '2026-04-06', 1, '2026-04-01 09:45:00', '2026-04-06 16:00:00', 1, 11),
(121, 'Receita', 'Recebimento pedido PED-138 - Rafael Almeida', 612.88, 'Pago', '2026-04-15', '2026-04-15', 1, '2026-04-11 10:35:00', '2026-04-15 16:00:00', 1, 10),
(122, 'Receita', 'Recebimento pedido PED-139 - Isabela Cardoso', 258.30, 'Pago', '2026-05-01', '2026-05-01', 1, '2026-04-18 15:35:00', '2026-05-01 16:00:00', 1, 9),
(123, 'Receita', 'Recebimento pedido PED-140 - Mariana Souza', 142.80, 'Pago', '2026-05-01', '2026-05-01', 1, '2026-04-24 14:45:00', '2026-05-01 16:00:00', 1, 9),
(124, 'Receita', 'Recebimento pedido PED-141 - Felipe Martins', 626.70, 'Pago', '2026-05-12', '2026-05-12', 1, '2026-04-29 09:10:00', '2026-05-12 16:00:00', 1, 8),
(125, 'Receita', 'Recebimento pedido PED-143 - Fabio Moreira', 268.65, 'Pago', '2026-04-26', '2026-04-26', 1, '2026-04-14 11:45:00', '2026-04-26 16:00:00', 1, 8),
(126, 'Receita', 'Recebimento pedido PED-144 - Felipe Martins', 146.25, 'Pago', '2026-05-01', '2026-05-01', 1, '2026-04-20 09:45:00', '2026-05-01 16:00:00', 1, 9),
(127, 'Receita', 'Recebimento pedido PED-145 - RH Solucoes Humanas', 649.86, 'Pago', '2026-05-07', '2026-05-07', 1, '2026-04-29 14:20:00', '2026-05-07 16:00:00', 1, 9),
(128, 'Receita', 'Recebimento pedido PED-146 - Bruno Carvalho', 714.75, 'Pago', '2026-04-18', '2026-04-18', 1, '2026-04-05 09:35:00', '2026-04-18 16:00:00', 1, 9),
(129, 'Receita', 'Recebimento pedido PED-147 - Escola Primeiros Passos', 166.10, 'Pago', '2026-04-23', '2026-04-23', 1, '2026-04-14 14:10:00', '2026-04-23 16:00:00', 1, 9),
(130, 'Receita', 'Entrada de 50% pedido PED-148 - Juliana Ribeiro', 60.10, 'Pago', '2026-04-21', '2026-04-21', 1, '2026-04-21 14:10:00', '2026-04-21 17:10:00', 1, 9),
(131, 'Receita', 'Recebimento pedido PED-149 - Mariana Souza', 47.30, 'Pago', '2026-05-03', '2026-05-03', 1, '2026-04-27 09:20:00', '2026-05-03 16:00:00', 1, 8),
(132, 'Receita', 'Recebimento pedido PED-150 - Andre Moura', 519.50, 'Pago', '2026-04-16', '2026-04-16', 1, '2026-04-04 16:10:00', '2026-04-16 16:00:00', 1, 10),
(133, 'Receita', 'Recebimento pedido PED-151 - Helena Pacheco', 569.89, 'Pago', '2026-04-17', '2026-04-17', 1, '2026-04-09 15:35:00', '2026-04-17 16:00:00', 1, 8),
(134, 'Receita', 'Recebimento pedido PED-152 - Bruno Carvalho', 12.25, 'Pago', '2026-05-01', '2026-05-01', 1, '2026-04-19 10:20:00', '2026-05-01 16:00:00', 1, 8),
(135, 'Receita', 'Entrada de 50% pedido PED-154 - Isabela Cardoso', 235.45, 'Pago', '2026-04-01', '2026-04-01', 1, '2026-04-01 14:45:00', '2026-04-01 17:45:00', 1, 11),
(136, 'Receita', 'Recebimento pedido PED-155 - Andre Moura', 22.80, 'Pago', '2026-04-18', '2026-04-18', 1, '2026-04-07 14:20:00', '2026-04-18 16:00:00', 1, 10),
(137, 'Receita', 'Recebimento pedido PED-156 - Beatriz Menezes', 883.80, 'Pago', '2026-04-19', '2026-04-19', 1, '2026-04-14 16:20:00', '2026-04-19 16:00:00', 1, 10),
(138, 'Receita', 'Recebimento pedido PED-157 - Gustavo Lima', 158.50, 'Pago', '2026-05-03', '2026-05-03', 1, '2026-04-21 16:00:00', '2026-05-03 16:00:00', 1, 10),
(139, 'Receita', 'Recebimento pedido PED-159 - Diego Santana', 619.70, 'Pago', '2026-04-12', '2026-04-12', 1, '2026-04-06 11:45:00', '2026-04-12 16:00:00', 1, 9),
(140, 'Receita', 'Recebimento pedido PED-160 - Renato Pires', 489.55, 'Pago', '2026-04-25', '2026-04-25', 1, '2026-04-13 11:35:00', '2026-04-25 16:00:00', 1, 9),
(141, 'Receita', 'Recebimento pedido PED-163 - Daniela Campos', 199.20, 'Pago', '2026-04-11', '2026-04-11', 1, '2026-04-06 10:45:00', '2026-04-11 16:00:00', 1, 9),
(142, 'Receita', 'Recebimento pedido PED-164 - Buffet Reino Encantado', 379.70, 'Pago', '2026-04-23', '2026-04-23', 1, '2026-04-11 11:45:00', '2026-04-23 16:00:00', 1, 11),
(143, 'Receita', 'Recebimento pedido PED-165 - Colegio Jardim das Letras', 414.50, 'Pago', '2026-04-26', '2026-04-26', 1, '2026-04-19 09:45:00', '2026-04-26 16:00:00', 1, 11),
(144, 'Receita', 'Entrada de 50% pedido PED-166 - Thiago Costa', 59.50, 'Pago', '2026-04-27', '2026-04-27', 1, '2026-04-27 10:00:00', '2026-04-27 13:00:00', 1, 12),
(145, 'Receita', 'Entrada de 50% pedido PED-167 - Lucas Azevedo', 38.62, 'Pago', '2026-04-01', '2026-04-01', 1, '2026-04-01 10:10:00', '2026-04-01 13:10:00', 1, 9),
(146, 'Receita', 'Recebimento pedido PED-168 - Fernanda Oliveira', 99.60, 'Pago', '2026-04-21', '2026-04-21', 1, '2026-04-11 09:45:00', '2026-04-21 16:00:00', 1, 10),
(147, 'Receita', 'Recebimento pedido PED-169 - Buffet Reino Encantado', 348.60, 'Pago', '2026-04-27', '2026-04-27', 1, '2026-04-17 10:00:00', '2026-04-27 16:00:00', 1, 11),
(148, 'Receita', 'Entrada de 50% pedido PED-170 - Beatriz Menezes', 211.65, 'Pago', '2026-04-24', '2026-04-24', 1, '2026-04-24 11:35:00', '2026-04-24 14:35:00', 1, 11),
(149, 'Receita', 'Recebimento pedido PED-171 - Escola Primeiros Passos', 497.25, 'Pago', '2026-04-08', '2026-04-08', 1, '2026-04-01 15:10:00', '2026-04-08 16:00:00', 1, 8),
(150, 'Receita', 'Recebimento pedido PED-172 - Marcio Vieira', 498.00, 'Pago', '2026-04-21', '2026-04-21', 1, '2026-04-08 10:45:00', '2026-04-21 16:00:00', 1, 8),
(151, 'Receita', 'Recebimento pedido PED-173 - Thiago Costa', 104.70, 'Pago', '2026-05-29', '2026-05-29', 1, '2026-05-16 15:45:00', '2026-05-29 16:00:00', 1, 10),
(152, 'Receita', 'Recebimento pedido PED-175 - Juliana Ribeiro', 129.00, 'Pago', '2026-06-13', '2026-06-13', 1, '2026-05-31 15:10:00', '2026-06-13 16:00:00', 1, 11),
(153, 'Receita', 'Recebimento pedido PED-176 - Felipe Martins', 502.48, 'Pago', '2026-05-17', '2026-05-17', 1, '2026-05-07 10:35:00', '2026-05-17 16:00:00', 1, 9),
(154, 'Receita', 'Recebimento pedido PED-178 - Escola Primeiros Passos', 593.50, 'Pago', '2026-06-03', '2026-06-03', 1, '2026-05-23 11:10:00', '2026-06-03 16:00:00', 1, 8),
(155, 'Receita', 'Recebimento pedido PED-179 - Paula Siqueira', 531.04, 'Pago', '2026-06-01', '2026-06-01', 1, '2026-05-27 15:10:00', '2026-06-01 16:00:00', 1, 11),
(156, 'Receita', 'Recebimento pedido PED-180 - Marcio Vieira', 192.32, 'Pago', '2026-05-10', '2026-05-10', 1, '2026-05-05 14:45:00', '2026-05-10 16:00:00', 1, 9),
(157, 'Receita', 'Recebimento pedido PED-181 - Rodrigo Teles', 568.65, 'Pago', '2026-05-15', '2026-05-15', 1, '2026-05-11 16:00:00', '2026-05-15 16:00:00', 1, 9),
(158, 'Receita', 'Recebimento pedido PED-182 - Carolina Duarte', 598.50, 'Pago', '2026-05-30', '2026-05-30', 1, '2026-05-18 15:10:00', '2026-05-30 16:00:00', 1, 13),
(159, 'Receita', 'Recebimento pedido PED-183 - Larissa Nogueira', 612.75, 'Pago', '2026-06-04', '2026-06-04', 1, '2026-05-27 14:10:00', '2026-06-04 16:00:00', 1, 10),
(160, 'Receita', 'Recebimento pedido PED-184 - Mariana Souza', 12.25, 'Pago', '2026-05-10', '2026-05-10', 1, '2026-05-02 14:00:00', '2026-05-10 16:00:00', 1, 9),
(161, 'Receita', 'Entrada de 50% pedido PED-185 - Condominio Vista Verde', 136.62, 'Pago', '2026-05-09', '2026-05-09', 1, '2026-05-09 10:35:00', '2026-05-09 13:35:00', 1, 9),
(162, 'Receita', 'Recebimento pedido PED-186 - Igreja Sao Jose - Pastoral', 141.50, 'Pago', '2026-05-25', '2026-05-25', 1, '2026-05-14 10:00:00', '2026-05-25 16:00:00', 1, 9),
(163, 'Receita', 'Recebimento pedido PED-187 - Felipe Martins', 990.00, 'Pago', '2026-06-04', '2026-06-04', 1, '2026-05-23 10:35:00', '2026-06-04 16:00:00', 1, 9),
(164, 'Receita', 'Recebimento pedido PED-188 - Patricia Gomes', 27.10, 'Pago', '2026-06-05', '2026-06-05', 1, '2026-05-28 16:35:00', '2026-06-05 16:00:00', 1, 12),
(165, 'Receita', 'Recebimento pedido PED-189 - Camila Torres', 26.14, 'Pago', '2026-05-18', '2026-05-18', 1, '2026-05-06 11:10:00', '2026-05-18 16:00:00', 1, 8),
(166, 'Receita', 'Recebimento pedido PED-190 - Felipe Martins', 392.10, 'Pago', '2026-05-20', '2026-05-20', 1, '2026-05-13 15:35:00', '2026-05-20 16:00:00', 1, 9),
(167, 'Receita', 'Recebimento pedido PED-191 - Buffet Reino Encantado', 120.75, 'Pago', '2026-05-25', '2026-05-25', 1, '2026-05-18 14:45:00', '2026-05-25 16:00:00', 1, 9),
(168, 'Receita', 'Recebimento pedido PED-192 - Beatriz Menezes', 721.20, 'Pago', '2026-06-06', '2026-06-06', 1, '2026-05-28 11:10:00', '2026-06-06 16:00:00', 1, 8),
(169, 'Receita', 'Recebimento pedido PED-193 - Camila Torres', 64.50, 'Pago', '2026-05-13', '2026-05-13', 1, '2026-05-01 14:20:00', '2026-05-13 16:00:00', 1, 10),
(170, 'Receita', 'Recebimento pedido PED-194 - Beatriz Menezes', 12.90, 'Pago', '2026-05-15', '2026-05-15', 1, '2026-05-09 09:00:00', '2026-05-15 16:00:00', 1, 8),
(171, 'Receita', 'Recebimento pedido PED-195 - Renato Pires', 13.55, 'Pago', '2026-05-28', '2026-05-28', 1, '2026-05-15 15:10:00', '2026-05-28 16:00:00', 1, 8),
(172, 'Receita', 'Recebimento pedido PED-196 - Camila Torres', 261.40, 'Pago', '2026-06-05', '2026-06-05', 1, '2026-05-24 09:35:00', '2026-06-05 16:00:00', 1, 8),
(173, 'Receita', 'Recebimento pedido PED-198 - RH Solucoes Humanas', 246.32, 'Pago', '2026-05-17', '2026-05-17', 1, '2026-05-06 16:35:00', '2026-05-17 16:00:00', 1, 9),
(174, 'Receita', 'Recebimento pedido PED-200 - Paula Siqueira', 522.80, 'Pago', '2026-05-30', '2026-05-30', 1, '2026-05-19 09:45:00', '2026-05-30 16:00:00', 1, 10),
(175, 'Receita', 'Recebimento pedido PED-201 - Vanessa Batista', 1293.70, 'Pago', '2026-06-06', '2026-06-06', 1, '2026-05-26 11:10:00', '2026-06-06 16:00:00', 1, 8),
(176, 'Receita', 'Recebimento pedido PED-202 - Escola Primeiros Passos', 261.40, 'Pago', '2026-05-07', '2026-05-07', 1, '2026-05-03 11:00:00', '2026-05-07 16:00:00', 1, 8),
(177, 'Receita', 'Recebimento pedido PED-204 - Bianca Nascimento', 199.40, 'Pago', '2026-05-20', '2026-05-20', 1, '2026-05-16 10:35:00', '2026-05-20 16:00:00', 1, 8),
(178, 'Receita', 'Recebimento pedido PED-205 - Patricia Gomes', 62.50, 'Pago', '2026-06-04', '2026-06-04', 1, '2026-05-26 16:20:00', '2026-06-04 16:00:00', 1, 8),
(179, 'Receita', 'Recebimento pedido PED-206 - Felipe Martins', 360.00, 'Pago', '2026-06-10', '2026-06-10', 1, '2026-05-31 10:00:00', '2026-06-10 16:00:00', 1, 10),
(180, 'Receita', 'Recebimento pedido PED-207 - Beatriz Menezes', 356.00, 'Pago', '2026-05-19', '2026-05-19', 1, '2026-05-08 10:20:00', '2026-05-19 16:00:00', 1, 8),
(181, 'Receita', 'Recebimento pedido PED-208 - Camila Torres', 81.60, 'Pago', '2026-05-28', '2026-05-28', 1, '2026-05-16 15:35:00', '2026-05-28 16:00:00', 1, 8),
(182, 'Receita', 'Recebimento pedido PED-209 - Sabrina Teixeira', 120.20, 'Pago', '2026-05-28', '2026-05-28', 1, '2026-05-21 11:00:00', '2026-05-28 16:00:00', 1, 13),
(183, 'Receita', 'Recebimento pedido PED-210 - Juliana Ribeiro', 96.60, 'Pago', '2026-06-03', '2026-06-03', 1, '2026-05-28 09:00:00', '2026-06-03 16:00:00', 1, 8),
(184, 'Receita', 'Recebimento pedido PED-211 - Renato Pires', 648.30, 'Pago', '2026-05-15', '2026-05-15', 1, '2026-05-04 14:10:00', '2026-05-15 16:00:00', 1, 12),
(185, 'Receita', 'Recebimento pedido PED-212 - Paula Siqueira', 678.00, 'Pago', '2026-05-24', '2026-05-24', 1, '2026-05-11 09:00:00', '2026-05-24 16:00:00', 1, 8),
(186, 'Receita', 'Entrada de 50% pedido PED-213 - Carolina Duarte', 57.59, 'Pago', '2026-05-17', '2026-05-17', 1, '2026-05-17 16:35:00', '2026-05-17 19:35:00', 1, 9),
(187, 'Receita', 'Recebimento pedido PED-214 - Mariana Souza', 24.90, 'Pago', '2026-06-07', '2026-06-07', 1, '2026-05-27 16:10:00', '2026-06-07 16:00:00', 1, 9),
(188, 'Receita', 'Recebimento pedido PED-215 - Carolina Duarte', 639.60, 'Pago', '2026-05-09', '2026-05-09', 1, '2026-05-02 09:10:00', '2026-05-09 16:00:00', 1, 9),
(189, 'Receita', 'Recebimento pedido PED-216 - Monica Reis', 22.60, 'Pago', '2026-05-12', '2026-05-12', 1, '2026-05-08 10:45:00', '2026-05-12 16:00:00', 1, 8),
(190, 'Receita', 'Recebimento pedido PED-217 - Buffet Reino Encantado', 119.00, 'Pago', '2026-05-22', '2026-05-22', 1, '2026-05-16 10:45:00', '2026-05-22 16:00:00', 1, 10),
(191, 'Receita', 'Recebimento pedido PED-218 - Vinicius Barros', 692.30, 'Pago', '2026-05-26', '2026-05-26', 1, '2026-05-21 15:10:00', '2026-05-26 16:00:00', 1, 9),
(192, 'Receita', 'Entrada de 50% pedido PED-219 - Condominio Vista Verde', 496.75, 'Pago', '2026-05-31', '2026-05-31', 1, '2026-05-31 16:00:00', '2026-05-31 19:00:00', 1, 9),
(193, 'Receita', 'Recebimento pedido PED-220 - Doces da Lari', 368.40, 'Pago', '2026-05-16', '2026-05-16', 1, '2026-05-04 14:45:00', '2026-05-16 16:00:00', 1, 8),
(194, 'Receita', 'Recebimento pedido PED-222 - Carolina Duarte', 834.30, 'Pago', '2026-05-29', '2026-05-29', 1, '2026-05-20 09:10:00', '2026-05-29 16:00:00', 1, 11),
(195, 'Receita', 'Recebimento pedido PED-223 - Mariana Souza', 583.50, 'Pago', '2026-06-07', '2026-06-07', 1, '2026-05-28 15:20:00', '2026-06-07 16:00:00', 1, 10),
(196, 'Receita', 'Entrada de 50% pedido PED-226 - Eduardo Rocha', 47.25, 'Pago', '2026-05-17', '2026-05-17', 1, '2026-05-17 09:10:00', '2026-05-17 12:10:00', 1, 9),
(197, 'Receita', 'Recebimento pedido PED-227 - Mariana Souza', 48.08, 'Pago', '2026-06-05', '2026-06-05', 1, '2026-05-23 16:45:00', '2026-06-05 16:00:00', 1, 8),
(198, 'Receita', 'Recebimento pedido PED-228 - Igreja Sao Jose - Pastoral', 783.50, 'Pago', '2026-06-04', '2026-06-04', 1, '2026-05-30 10:20:00', '2026-06-04 16:00:00', 1, 9),
(199, 'Receita', 'Recebimento pedido PED-229 - Marcio Vieira', 103.20, 'Pago', '2026-05-11', '2026-05-11', 1, '2026-05-05 11:35:00', '2026-05-11 16:00:00', 1, 8),
(200, 'Receita', 'Entrada de 50% pedido PED-231 - Felipe Martins', 84.80, 'Pago', '2026-05-21', '2026-05-21', 1, '2026-05-21 10:00:00', '2026-05-21 13:00:00', 1, 11),
(201, 'Receita', 'Recebimento pedido PED-232 - Aline Ferreira', 205.22, 'Pago', '2026-06-05', '2026-06-05', 1, '2026-05-27 10:20:00', '2026-06-05 16:00:00', 1, 9),
(202, 'Receita', 'Recebimento pedido PED-233 - Vinicius Barros', 140.85, 'Pago', '2026-05-15', '2026-05-15', 1, '2026-05-02 10:45:00', '2026-05-15 16:00:00', 1, 8),
(203, 'Receita', 'Recebimento pedido PED-234 - Aline Ferreira', 56.50, 'Pago', '2026-05-15', '2026-05-15', 1, '2026-05-11 11:20:00', '2026-05-15 16:00:00', 1, 8),
(204, 'Receita', 'Recebimento pedido PED-235 - Bianca Nascimento', 70.95, 'Pago', '2026-05-29', '2026-05-29', 1, '2026-05-17 14:20:00', '2026-05-29 16:00:00', 1, 9),
(205, 'Receita', 'Recebimento pedido PED-237 - Daniel Reis', 356.00, 'Pago', '2026-05-14', '2026-05-14', 1, '2026-05-02 11:20:00', '2026-05-14 16:00:00', 1, 9),
(206, 'Receita', 'Recebimento pedido PED-238 - Claudia Martins', 168.95, 'Pago', '2026-05-17', '2026-05-17', 1, '2026-05-09 15:00:00', '2026-05-17 16:00:00', 1, 8),
(207, 'Receita', 'Recebimento pedido PED-239 - Lucas Azevedo', 486.90, 'Pago', '2026-05-22', '2026-05-22', 1, '2026-05-16 09:00:00', '2026-05-22 16:00:00', 1, 8),
(208, 'Receita', 'Recebimento pedido PED-240 - Papelaria Ponto Criativo', 24.90, 'Pago', '2026-05-28', '2026-05-28', 1, '2026-05-21 14:20:00', '2026-05-28 16:00:00', 1, 9),
(209, 'Receita', 'Recebimento pedido PED-241 - Eduardo Rocha', 199.20, 'Pago', '2026-06-10', '2026-06-10', 1, '2026-05-30 09:20:00', '2026-06-10 16:00:00', 1, 9),
(210, 'Receita', 'Recebimento pedido PED-242 - Mariana Souza', 879.10, 'Pago', '2026-05-11', '2026-05-11', 1, '2026-05-04 15:35:00', '2026-05-11 16:00:00', 1, 8),
(211, 'Receita', 'Recebimento pedido PED-243 - Fernanda Oliveira', 547.80, 'Pago', '2026-05-19', '2026-05-19', 1, '2026-05-11 11:00:00', '2026-05-19 16:00:00', 1, 9),
(212, 'Receita', 'Entrada de 50% pedido PED-245 - Gustavo Lima', 141.90, 'Pago', '2026-05-26', '2026-05-26', 1, '2026-05-26 11:45:00', '2026-05-26 14:45:00', 1, 10),
(213, 'Receita', 'Recebimento pedido PED-246 - Carolina Duarte', 154.00, 'Pago', '2026-05-10', '2026-05-10', 1, '2026-05-01 09:20:00', '2026-05-10 16:00:00', 1, 11),
(214, 'Receita', 'Recebimento pedido PED-247 - Lucas Azevedo', 100.00, 'Pago', '2026-05-19', '2026-05-19', 1, '2026-05-09 14:00:00', '2026-05-19 16:00:00', 1, 9),
(215, 'Receita', 'Recebimento pedido PED-248 - Camila Torres', 257.50, 'Pago', '2026-05-25', '2026-05-25', 1, '2026-05-17 16:35:00', '2026-05-25 16:00:00', 1, 11),
(216, 'Receita', 'Recebimento pedido PED-249 - Boutique Aurora Kids', 249.00, 'Pago', '2026-05-25', '2026-05-25', 1, '2026-05-21 10:10:00', '2026-05-25 16:00:00', 1, 8),
(217, 'Receita', 'Recebimento pedido PED-250 - Paula Siqueira', 305.40, 'Pago', '2026-06-02', '2026-06-02', 1, '2026-05-28 10:35:00', '2026-06-02 16:00:00', 1, 11),
(218, 'Receita', 'Recebimento pedido PED-251 - Diego Santana', 322.50, 'Pago', '2026-06-08', '2026-06-08', 1, '2026-06-02 15:00:00', '2026-06-08 16:00:00', 1, 8),
(219, 'Receita', 'Recebimento pedido PED-252 - Camila Torres', 622.50, 'Pago', '2026-06-15', '2026-06-15', 1, '2026-06-02 14:35:00', '2026-06-15 16:00:00', 1, 9),
(220, 'Receita', 'Recebimento pedido PED-253 - Rafael Almeida', 249.48, 'Pago', '2026-06-16', '2026-06-16', 1, '2026-06-07 16:35:00', '2026-06-16 16:00:00', 1, 9),
(221, 'Receita', 'Recebimento pedido PED-254 - Felipe Martins', 195.30, 'Pago', '2026-06-15', '2026-06-15', 1, '2026-06-05 09:00:00', '2026-06-15 16:00:00', 1, 8),
(222, 'Receita', 'Recebimento pedido PED-255 - Mariana Souza', 933.30, 'Pago', '2026-06-10', '2026-06-10', 1, '2026-06-02 15:45:00', '2026-06-10 16:00:00', 1, 10),
(223, 'Receita', 'Entrada de 50% pedido PED-258 - Clinica Bem Viver', 47.45, 'Pago', '2026-06-08', '2026-06-08', 1, '2026-06-08 16:45:00', '2026-06-08 19:45:00', 1, 10),
(224, 'Receita', 'Entrada de 50% pedido PED-259 - RH Solucoes Humanas', 62.25, 'Pago', '2026-06-05', '2026-06-05', 1, '2026-06-05 10:10:00', '2026-06-05 13:10:00', 1, 11),
(225, 'Receita', 'Entrada de 50% pedido PED-260 - Natalia Freitas', 169.46, 'Pago', '2026-06-01', '2026-06-01', 1, '2026-06-01 09:20:00', '2026-06-01 12:20:00', 1, 11),
(226, 'Receita', 'Entrada de 50% pedido PED-262 - Vinicius Barros', 169.50, 'Pago', '2026-06-06', '2026-06-06', 1, '2026-06-06 15:20:00', '2026-06-06 18:20:00', 1, 8),
(227, 'Receita', 'Entrada de 50% pedido PED-263 - Renato Pires', 31.25, 'Pago', '2026-06-04', '2026-06-04', 1, '2026-06-04 09:10:00', '2026-06-04 12:10:00', 1, 9),
(228, 'Despesa', 'Compra de papel fotografico e offset', 445.50, 'Pago', '2026-01-06', '2026-01-08', 1, '2026-01-03 09:00:00', '2026-01-08 09:00:00', 2, 2),
(229, 'Despesa', 'Reposicao de tubetes, caixas e apliques', 378, 'Pago', '2026-01-09', '2026-01-11', 1, '2026-01-06 09:00:00', '2026-01-11 09:00:00', 2, 1),
(230, 'Despesa', 'Embalagens para kits e entregas', 263.50, 'Pago', '2026-01-12', '2026-01-12', 1, '2026-01-09 09:00:00', '2026-01-12 09:00:00', 2, 3),
(231, 'Despesa', 'Campanhas Instagram - captacao', 355.90, 'Pago', '2026-01-15', '2026-01-15', 1, '2026-01-12 09:00:00', '2026-01-15 09:00:00', 5, 5),
(232, 'Despesa', 'Entregas locais e retiradas', 190, 'Pago', '2026-01-18', '2026-01-18', 1, '2026-01-15 09:00:00', '2026-01-18 09:00:00', 4, 4),
(233, 'Despesa', 'Assinatura de ferramentas de design', 136.90, 'Pago', '2026-01-21', '2026-01-23', 1, '2026-01-18 09:00:00', '2026-01-23 09:00:00', 3, 7),
(234, 'Despesa', 'Energia e manutencao do atelie', 301.90, 'Pago', '2026-01-24', '2026-01-26', 1, '2026-01-21 09:00:00', '2026-01-26 09:00:00', 3, 7),
(235, 'Despesa', 'Compra de papel fotografico e offset', 475.90, 'Pago', '2026-02-06', '2026-02-08', 1, '2026-02-03 09:00:00', '2026-02-08 09:00:00', 2, 2),
(236, 'Despesa', 'Reposicao de tubetes, caixas e apliques', 390.50, 'Pago', '2026-02-09', '2026-02-09', 1, '2026-02-06 09:00:00', '2026-02-09 09:00:00', 2, 1),
(237, 'Despesa', 'Embalagens para kits e entregas', 295.90, 'Pago', '2026-02-12', '2026-02-13', 1, '2026-02-09 09:00:00', '2026-02-13 09:00:00', 2, 3),
(238, 'Despesa', 'Campanhas Instagram - captacao', 365.90, 'Pago', '2026-02-15', '2026-02-17', 1, '2026-02-12 09:00:00', '2026-02-17 09:00:00', 5, 5),
(239, 'Despesa', 'Entregas locais e retiradas', 220.50, 'Pago', '2026-02-18', '2026-02-19', 1, '2026-02-15 09:00:00', '2026-02-19 09:00:00', 4, 4),
(240, 'Despesa', 'Assinatura de ferramentas de design', 113, 'Pago', '2026-02-21', '2026-02-21', 1, '2026-02-18 09:00:00', '2026-02-21 09:00:00', 3, 7),
(241, 'Despesa', 'Energia e manutencao do atelie', 323.90, 'Pago', '2026-02-24', '2026-02-24', 1, '2026-02-21 09:00:00', '2026-02-24 09:00:00', 3, 7),
(242, 'Despesa', 'Compra de papel fotografico e offset', 486.90, 'Pago', '2026-03-06', '2026-03-06', 1, '2026-03-03 09:00:00', '2026-03-06 09:00:00', 2, 2),
(243, 'Despesa', 'Reposicao de tubetes, caixas e apliques', 384, 'Pago', '2026-03-09', '2026-03-09', 1, '2026-03-06 09:00:00', '2026-03-09 09:00:00', 2, 1),
(244, 'Despesa', 'Embalagens para kits e entregas', 294.50, 'Pago', '2026-03-12', '2026-03-12', 1, '2026-03-09 09:00:00', '2026-03-12 09:00:00', 2, 3),
(245, 'Despesa', 'Campanhas Instagram - captacao', 373.50, 'Pago', '2026-03-15', '2026-03-15', 1, '2026-03-12 09:00:00', '2026-03-15 09:00:00', 5, 5),
(246, 'Despesa', 'Entregas locais e retiradas', 255.50, 'Pago', '2026-03-18', '2026-03-18', 1, '2026-03-15 09:00:00', '2026-03-18 09:00:00', 4, 4),
(247, 'Despesa', 'Assinatura de ferramentas de design', 179.90, 'Pago', '2026-03-21', '2026-03-22', 1, '2026-03-18 09:00:00', '2026-03-22 09:00:00', 3, 7),
(248, 'Despesa', 'Energia e manutencao do atelie', 344.50, 'Pago', '2026-03-24', '2026-03-24', 1, '2026-03-21 09:00:00', '2026-03-24 09:00:00', 3, 7),
(249, 'Despesa', 'Compra de papel fotografico e offset', 492.50, 'Pago', '2026-04-06', '2026-04-07', 1, '2026-04-03 09:00:00', '2026-04-07 09:00:00', 2, 2),
(250, 'Despesa', 'Reposicao de tubetes, caixas e apliques', 483.90, 'Pago', '2026-04-09', '2026-04-09', 1, '2026-04-06 09:00:00', '2026-04-09 09:00:00', 2, 1),
(251, 'Despesa', 'Embalagens para kits e entregas', 332, 'Pago', '2026-04-12', '2026-04-12', 1, '2026-04-09 09:00:00', '2026-04-12 09:00:00', 2, 3),
(252, 'Despesa', 'Campanhas Instagram - captacao', 370.50, 'Pago', '2026-04-15', '2026-04-16', 1, '2026-04-12 09:00:00', '2026-04-16 09:00:00', 5, 5),
(253, 'Despesa', 'Entregas locais e retiradas', 248, 'Pago', '2026-04-18', '2026-04-18', 1, '2026-04-15 09:00:00', '2026-04-18 09:00:00', 4, 4),
(254, 'Despesa', 'Assinatura de ferramentas de design', 168.90, 'Pago', '2026-04-21', '2026-04-21', 1, '2026-04-18 09:00:00', '2026-04-21 09:00:00', 3, 7),
(255, 'Despesa', 'Energia e manutencao do atelie', 340, 'Pago', '2026-04-24', '2026-04-24', 1, '2026-04-21 09:00:00', '2026-04-24 09:00:00', 3, 7),
(256, 'Despesa', 'Compra de papel fotografico e offset', 460, 'Pago', '2026-05-06', '2026-05-06', 1, '2026-05-03 09:00:00', '2026-05-06 09:00:00', 2, 2),
(257, 'Despesa', 'Reposicao de tubetes, caixas e apliques', 497.90, 'Pago', '2026-05-09', '2026-05-10', 1, '2026-05-06 09:00:00', '2026-05-10 09:00:00', 2, 1),
(258, 'Despesa', 'Embalagens para kits e entregas', 387.90, 'Pago', '2026-05-12', '2026-05-13', 1, '2026-05-09 09:00:00', '2026-05-13 09:00:00', 2, 3),
(259, 'Despesa', 'Campanhas Instagram - captacao', 377.50, 'Pago', '2026-05-15', '2026-05-16', 1, '2026-05-12 09:00:00', '2026-05-16 09:00:00', 5, 5),
(260, 'Despesa', 'Entregas locais e retiradas', 297.50, 'Pago', '2026-05-18', '2026-05-20', 1, '2026-05-15 09:00:00', '2026-05-20 09:00:00', 4, 4),
(261, 'Despesa', 'Assinatura de ferramentas de design', 166.50, 'Pago', '2026-05-21', '2026-05-21', 1, '2026-05-18 09:00:00', '2026-05-21 09:00:00', 3, 7),
(262, 'Despesa', 'Energia e manutencao do atelie', 352.90, 'Pago', '2026-05-24', '2026-05-25', 1, '2026-05-21 09:00:00', '2026-05-25 09:00:00', 3, 7),
(263, 'Despesa', 'Compra de papel fotografico e offset', 510.50, 'Pago', '2026-06-06', '2026-06-06', 1, '2026-06-03 09:00:00', '2026-06-06 09:00:00', 2, 2),
(264, 'Despesa', 'Reposicao de tubetes, caixas e apliques', 468, 'Pendente', '2026-06-18', NULL, 1, '2026-06-15 09:00:00', '2026-06-18 09:00:00', 2, 1),
(265, 'Despesa', 'Embalagens para kits e entregas', 339.90, 'Pago', '2026-06-12', '2026-06-12', 1, '2026-06-09 09:00:00', '2026-06-12 09:00:00', 2, 3),
(266, 'Despesa', 'Campanhas Instagram - captacao', 433.90, 'Pendente', '2026-06-06', NULL, 1, '2026-06-03 09:00:00', '2026-06-06 09:00:00', 5, 5),
(267, 'Despesa', 'Entregas locais e retiradas', 246.50, 'Pendente', '2026-06-06', NULL, 1, '2026-06-03 09:00:00', '2026-06-06 09:00:00', 4, 4),
(268, 'Despesa', 'Compra programada de canecas e squeezes', 780, 'Pendente', '2026-06-20', NULL, 1, '2026-06-05 10:00:00', '2026-06-05 10:00:00', 2, 1),
(269, 'Despesa', 'Papelaria especial para pedidos escolares', 640, 'Pendente', '2026-06-17', NULL, 1, '2026-06-05 10:00:00', '2026-06-05 10:00:00', 2, 2),
(270, 'Despesa', 'Feira criativa - taxa de expositor', 350, 'Pendente', '2026-06-14', NULL, 1, '2026-06-05 10:00:00', '2026-06-05 10:00:00', 3, 6),
(271, 'Despesa', 'Pacote de entregas da primeira quinzena', 215, 'Pendente', '2026-06-10', NULL, 1, '2026-06-05 10:00:00', '2026-06-05 10:00:00', 4, 4),
(272, 'Despesa', 'Impulsionamento campanha Dia dos Namorados', 420, 'Pendente', '2026-06-11', NULL, 1, '2026-06-05 10:00:00', '2026-06-05 10:00:00', 5, 5),
(273, 'Receita', 'Saldo final pedido PED-009 - Doces da Lari', 23.65, 'Pago', '2026-01-13', '2026-01-13', 1, '2026-01-01 10:00:00', '2026-01-13 16:00:00', 1, 8),
(274, 'Receita', 'Saldo final pedido PED-011 - Renato Pires', 200.75, 'Pago', '2026-01-27', '2026-01-27', 1, '2026-01-15 10:00:00', '2026-01-27 16:00:00', 1, 10),
(275, 'Receita', 'Saldo final pedido PED-019 - Juliana Ribeiro', 180.92, 'Pago', '2026-01-19', '2026-01-19', 1, '2026-01-07 10:00:00', '2026-01-19 16:00:00', 1, 8),
(276, 'Receita', 'Saldo final pedido PED-022 - Fabio Moreira', 586.40, 'Pago', '2026-02-08', '2026-02-08', 1, '2026-01-27 10:00:00', '2026-02-08 16:00:00', 1, 13),
(277, 'Receita', 'Saldo final pedido PED-027 - Carolina Duarte', 17.85, 'Pago', '2026-02-12', '2026-02-12', 1, '2026-01-31 10:00:00', '2026-02-12 16:00:00', 1, 9),
(278, 'Receita', 'Saldo final pedido PED-042 - Atelie Manu Festas', 194.90, 'Pago', '2026-03-01', '2026-03-01', 1, '2026-02-17 10:00:00', '2026-03-01 16:00:00', 1, 12),
(279, 'Receita', 'Saldo final pedido PED-048 - Rafael Almeida', 6.77, 'Pago', '2026-02-14', '2026-02-14', 1, '2026-02-02 10:00:00', '2026-02-14 16:00:00', 1, 11),
(280, 'Receita', 'Saldo final pedido PED-061 - Felipe Martins', 229.00, 'Pago', '2026-02-22', '2026-02-22', 1, '2026-02-10 10:00:00', '2026-02-22 16:00:00', 1, 8),
(281, 'Receita', 'Saldo final pedido PED-066 - Juliana Ribeiro', 173.50, 'Pago', '2026-03-31', '2026-03-31', 1, '2026-03-19 10:00:00', '2026-03-31 16:00:00', 1, 13),
(282, 'Receita', 'Saldo final pedido PED-073 - Eduardo Rocha', 159.42, 'Pago', '2026-03-19', '2026-03-19', 1, '2026-03-07 10:00:00', '2026-03-19 16:00:00', 1, 9);

-- Ajustes para apresentacao: menos atrasos antigos, financeiro equilibrado, imagens reais e temas geek/series.
INSERT INTO categoria_movimentacao (id, descricao, status) VALUES
(6, 'Servicos Terceirizados', 1);

INSERT INTO categoria_tema (id, ativo, titulo) VALUES
(15, 1, 'Series e Filmes'),
(16, 1, 'Anime e Geek');

INSERT INTO tema_produto (id, descricao, ativo, created_at, updated_at, categoria_tema_id) VALUES
(19, 'Breaking Bad Lab', 1, '2026-01-01 08:00:00', '2026-01-01 08:00:00', 15),
(20, 'Stranger Things Mundo Invertido', 1, '2026-01-01 08:00:00', '2026-01-01 08:00:00', 15),
(21, 'Attack on Titan Tropa de Exploracao', 1, '2026-01-01 08:00:00', '2026-01-01 08:00:00', 16),
(22, 'The Walking Dead Survival', 1, '2026-01-01 08:00:00', '2026-01-01 08:00:00', 15);

INSERT INTO produto (id, titulo, descricao, ativo, created_at, updated_at, item_produto_id, tema_produto_id) VALUES
(86, 'Balde de Pipoca Breaking Bad Lab', 'Balde de pipoca personalizado com tema Breaking Bad para festa geek.', 1, '2026-06-01 08:00:00', '2026-06-01 08:00:00', 4, 19),
(87, 'Caneca Breaking Bad Lab', 'Caneca personalizada com arte inspirada em Breaking Bad.', 1, '2026-06-01 08:00:00', '2026-06-01 08:00:00', 14, 19),
(88, 'Chaveiro Breaking Bad Lab', 'Chaveiro acrilico personalizado com tema Breaking Bad.', 1, '2026-06-01 08:00:00', '2026-06-01 08:00:00', 20, 19),
(89, 'Balde de Pipoca Stranger Things', 'Balde de pipoca personalizado com clima Mundo Invertido.', 1, '2026-06-01 08:00:00', '2026-06-01 08:00:00', 4, 20),
(90, 'Caneca Stranger Things', 'Caneca personalizada com tema Stranger Things.', 1, '2026-06-01 08:00:00', '2026-06-01 08:00:00', 14, 20),
(91, 'Chaveiro Stranger Things', 'Chaveiro acrilico personalizado com tema Stranger Things.', 1, '2026-06-01 08:00:00', '2026-06-01 08:00:00', 20, 20),
(92, 'Balde de Pipoca Attack on Titan', 'Balde de pipoca personalizado com tema Attack on Titan.', 1, '2026-06-01 08:00:00', '2026-06-01 08:00:00', 4, 21),
(93, 'Caneca Attack on Titan', 'Caneca personalizada com tema Attack on Titan.', 1, '2026-06-01 08:00:00', '2026-06-01 08:00:00', 14, 21),
(94, 'Chaveiro Attack on Titan', 'Chaveiro acrilico personalizado com tema Attack on Titan.', 1, '2026-06-01 08:00:00', '2026-06-01 08:00:00', 20, 21),
(95, 'Balde de Pipoca The Walking Dead', 'Balde de pipoca personalizado com tema The Walking Dead.', 1, '2026-06-01 08:00:00', '2026-06-01 08:00:00', 4, 22),
(96, 'Caneca The Walking Dead', 'Caneca personalizada com tema The Walking Dead.', 1, '2026-06-01 08:00:00', '2026-06-01 08:00:00', 14, 22),
(97, 'Chaveiro The Walking Dead', 'Chaveiro acrilico personalizado com tema The Walking Dead.', 1, '2026-06-01 08:00:00', '2026-06-01 08:00:00', 20, 22);

UPDATE produto_pedido pp
SET pp.produto_id = CASE MOD(pp.id, 12)
    WHEN 0 THEN 86 WHEN 1 THEN 87 WHEN 2 THEN 88 WHEN 3 THEN 89
    WHEN 4 THEN 90 WHEN 5 THEN 91 WHEN 6 THEN 92 WHEN 7 THEN 93
    WHEN 8 THEN 94 WHEN 9 THEN 95 WHEN 10 THEN 96 ELSE 97 END
WHERE MOD(pp.pedido_id, 13) = 0;

UPDATE produto_pedido pp
JOIN produto pr ON pr.id = pp.produto_id
JOIN item_produto ip ON ip.id = pr.item_produto_id
SET pp.preco_unitario = ip.preco_venda,
    pp.preco_total = ip.preco_venda * pp.qtd_produto,
    pp.peso_unitario = ip.peso,
    pp.peso_total = ip.peso * pp.qtd_produto;

UPDATE pedido p
JOIN (
    SELECT pedido_id, SUM(preco_total) AS preco_total, SUM(peso_total) AS peso_total
    FROM produto_pedido
    GROUP BY pedido_id
) totais ON totais.pedido_id = p.id
SET p.preco_total = totais.preco_total,
    p.peso_total = totais.peso_total;

UPDATE pedido_status_pedido psp
JOIN pedido p ON p.id = psp.pedido_id
JOIN status_pedido sp ON sp.id = psp.status_id
SET psp.status_id = 4,
    psp.created_at = DATE_ADD(p.created_at, INTERVAL 6 DAY),
    psp.updated_at = DATE_ADD(p.created_at, INTERVAL 6 DAY)
WHERE psp.status_atual = 1
  AND p.created_at < '2026-05-24 00:00:00'
  AND (sp.status_role IS NULL OR sp.status_role = 'FINALIZADO');

UPDATE pedido p
JOIN pedido_status_pedido psp ON psp.pedido_id = p.id AND psp.status_atual = 1
JOIN status_pedido sp ON sp.id = psp.status_id
SET p.data_limite = TIMESTAMP(DATE_ADD('2026-06-07', INTERVAL MOD(p.id, 12) DAY), '17:00:00'),
    p.updated_at = '2026-06-08 10:00:00'
WHERE p.ativo = 1
  AND p.created_at >= '2026-05-24 00:00:00'
  AND (sp.status_role IS NULL OR sp.status_role = 'FINALIZADO');

UPDATE pedido_status_pedido psp
JOIN pedido p ON p.id = psp.pedido_id
JOIN status_pedido sp ON sp.id = psp.status_id
SET psp.created_at = GREATEST(DATE_ADD(p.created_at, INTERVAL 1 DAY), TIMESTAMP(DATE_SUB(DATE(p.data_limite), INTERVAL 2 DAY), '10:00:00')),
    psp.updated_at = DATE_ADD(GREATEST(DATE_ADD(p.created_at, INTERVAL 1 DAY), TIMESTAMP(DATE_SUB(DATE(p.data_limite), INTERVAL 2 DAY), '10:00:00')), INTERVAL 1 DAY)
WHERE psp.status_atual = 1
  AND p.created_at >= '2026-05-24 00:00:00'
  AND (sp.status_role IS NULL OR sp.status_role = 'FINALIZADO');

UPDATE pedido_status_pedido psp
JOIN status_pedido sp ON sp.id = psp.status_id
SET psp.updated_at = DATE_ADD(psp.created_at, INTERVAL CASE
        WHEN sp.status_role = 'ENTREGUE' THEN 1
        WHEN sp.status_role = 'CANCELADO' THEN 2
        ELSE 0
    END DAY)
WHERE sp.status_role IN ('ENTREGUE', 'CANCELADO');

INSERT INTO pedido_status_pedido (status_atual, created_at, updated_at, pedido_id, status_id) VALUES
(0, '2026-01-24 09:00:00', '2026-01-25 12:00:00', 10, 2),
(0, '2026-02-20 09:00:00', '2026-02-21 12:00:00', 45, 2),
(0, '2026-03-22 09:00:00', '2026-03-23 12:00:00', 104, 2),
(0, '2026-04-20 09:00:00', '2026-04-21 12:00:00', 130, 2),
(0, '2026-05-27 09:00:00', '2026-05-28 12:00:00', 190, 2),
(0, '2026-06-05 09:00:00', '2026-06-06 12:00:00', 250, 2);

UPDATE pedido p
JOIN pedido_status_pedido psp ON psp.pedido_id = p.id AND psp.status_atual = 1
JOIN status_pedido sp ON sp.id = psp.status_id
SET p.data_limite = DATE_ADD(p.created_at, INTERVAL (8 + MOD(p.id, 11)) DAY)
WHERE p.ativo = 1
  AND sp.status_role IN ('ENTREGUE', 'CANCELADO');

UPDATE pedido
SET data_limite = '2026-06-07 17:00:00'
WHERE id = 264;

DELETE FROM foto_produto;
INSERT INTO foto_produto (foto, produto_id, created_at, updated_at)
SELECT
    CASE MOD(p.id - 1, 20)
        WHEN 0 THEN '/uploads/produtos/1/canecaFestaColorida.jpeg'
        WHEN 1 THEN '/uploads/produtos/2/CanecaCasamento.jpeg'
        WHEN 2 THEN '/uploads/produtos/3/canecaGalaxiaGamer.jpeg'
        WHEN 3 THEN '/uploads/produtos/4/canecaFraseDoDia.jpeg'
        WHEN 4 THEN '/uploads/produtos/5/canecaIdentidadeVisual.jpeg'
        WHEN 5 THEN '/uploads/produtos/6/canecaMelhorMae.jpeg'
        WHEN 6 THEN '/uploads/produtos/7/canecaMelhorPai.jpeg'
        WHEN 7 THEN '/uploads/produtos/8/canecaNatal.jpeg'
        WHEN 8 THEN '/uploads/produtos/9/canecaProfessoraNota10.jpeg'
        WHEN 9 THEN '/uploads/produtos/10/canecaPetFavorito.jpeg'
        WHEN 10 THEN '/uploads/produtos/11/canecaMagicaGeek.jpeg'
        WHEN 11 THEN '/uploads/produtos/12/camisetaGamerEdition.jpeg'
        WHEN 12 THEN '/uploads/produtos/13/camiseta_frase_positiva.jpeg'
        WHEN 13 THEN '/uploads/produtos/14/CamisetaPremiumCorporativa.png'
        WHEN 14 THEN '/uploads/produtos/15/CadernoA5.webp'
        WHEN 15 THEN '/uploads/produtos/16/CadernoUniversitario.webp'
        WHEN 16 THEN '/uploads/produtos/17/SqueezeEmpresa.webp'
        WHEN 17 THEN '/uploads/produtos/18/MousepadNerd.jfif'
        WHEN 18 THEN '/uploads/produtos/19/AlmofadaPetLovers.webp'
        ELSE '/uploads/produtos/20/ecobag.png'
    END AS foto,
    p.id,
    '2026-06-01 08:00:00',
    '2026-06-01 08:00:00'
FROM produto p;

DELETE FROM movimentacao;
ALTER TABLE movimentacao AUTO_INCREMENT = 1;

INSERT INTO movimentacao (tipo, descricao, valor, status_pagamento, data_vencimento, data_pagamento, status, created_at, updated_at, categoria_movimentacao_id, contraparte_id)
SELECT
    'Receita',
    CONCAT('Receita consolidada de pedidos ', LPAD(m.mes, 2, '0'), '/2026 - ', l.nome),
    ROUND(m.total * l.percentual, 2),
    'Pago',
    TIMESTAMP(DATE_ADD(STR_TO_DATE(CONCAT('2026-', LPAD(m.mes, 2, '0'), '-01'), '%Y-%m-%d'), INTERVAL l.dia DAY), '14:00:00'),
    TIMESTAMP(DATE_ADD(STR_TO_DATE(CONCAT('2026-', LPAD(m.mes, 2, '0'), '-01'), '%Y-%m-%d'), INTERVAL l.dia DAY), '14:00:00'),
    1,
    TIMESTAMP(DATE_ADD(STR_TO_DATE(CONCAT('2026-', LPAD(m.mes, 2, '0'), '-01'), '%Y-%m-%d'), INTERVAL (l.dia - 2) DAY), '09:00:00'),
    TIMESTAMP(DATE_ADD(STR_TO_DATE(CONCAT('2026-', LPAD(m.mes, 2, '0'), '-01'), '%Y-%m-%d'), INTERVAL l.dia DAY), '14:00:00'),
    1,
    l.contraparte_id
FROM (
    SELECT 1 mes, 5600.00 total UNION ALL SELECT 2, 5900.00 UNION ALL SELECT 3, 6400.00
    UNION ALL SELECT 4, 6900.00 UNION ALL SELECT 5, 7600.00 UNION ALL SELECT 6, 5200.00
) m
JOIN (
    SELECT 'WhatsApp e Instagram' nome, 0.42 percentual, 5 dia, 9 contraparte_id
    UNION ALL SELECT 'clientes recorrentes', 0.33, 14, 11
    UNION ALL SELECT 'indicacoes e site', 0.25, 23, 10
) l;

INSERT INTO movimentacao (tipo, descricao, valor, status_pagamento, data_vencimento, data_pagamento, status, created_at, updated_at, categoria_movimentacao_id, contraparte_id)
SELECT
    'Despesa',
    CONCAT(l.nome, ' ', LPAD(m.mes, 2, '0'), '/2026'),
    ROUND(m.total * l.percentual, 2),
    'Pago',
    TIMESTAMP(DATE_ADD(STR_TO_DATE(CONCAT('2026-', LPAD(m.mes, 2, '0'), '-01'), '%Y-%m-%d'), INTERVAL l.dia DAY), '10:30:00'),
    TIMESTAMP(DATE_ADD(STR_TO_DATE(CONCAT('2026-', LPAD(m.mes, 2, '0'), '-01'), '%Y-%m-%d'), INTERVAL l.dia DAY), '10:30:00'),
    1,
    TIMESTAMP(DATE_ADD(STR_TO_DATE(CONCAT('2026-', LPAD(m.mes, 2, '0'), '-01'), '%Y-%m-%d'), INTERVAL (l.dia - 2) DAY), '09:00:00'),
    TIMESTAMP(DATE_ADD(STR_TO_DATE(CONCAT('2026-', LPAD(m.mes, 2, '0'), '-01'), '%Y-%m-%d'), INTERVAL l.dia DAY), '10:30:00'),
    l.categoria_id,
    l.contraparte_id
FROM (
    SELECT 1 mes, 5450.00 total UNION ALL SELECT 2, 6100.00 UNION ALL SELECT 3, 6250.00
    UNION ALL SELECT 4, 7050.00 UNION ALL SELECT 5, 7350.00 UNION ALL SELECT 6, 5100.00
) m
JOIN (
    SELECT 'Insumos e bases para producao' nome, 0.31 percentual, 3 dia, 2 categoria_id, 1 contraparte_id
    UNION ALL SELECT 'Aluguel, energia e internet do atelie', 0.24, 8, 3, 2
    UNION ALL SELECT 'Entregas locais e retiradas', 0.17, 13, 4, 4
    UNION ALL SELECT 'Campanhas e criativos de redes sociais', 0.16, 18, 5, 5
    UNION ALL SELECT 'Acabamentos terceirizados', 0.12, 23, 6, 7
) l;

INSERT INTO movimentacao (tipo, descricao, valor, status_pagamento, data_vencimento, data_pagamento, status, created_at, updated_at, categoria_movimentacao_id, contraparte_id) VALUES
('Despesa', 'Reposicao de papeis especiais junho', 1180.00, 'Pendente', '2026-06-07 00:00:00', NULL, 1, '2026-06-05 09:00:00', '2026-06-07 00:00:00', 2, 2),
('Despesa', 'Motoboy semana da apresentacao', 420.00, 'Pendente', '2026-06-10 00:00:00', NULL, 1, '2026-06-08 09:00:00', '2026-06-10 00:00:00', 4, 4),
('Despesa', 'Impulsionamento Instagram junho', 760.00, 'Pendente', '2026-06-12 00:00:00', NULL, 1, '2026-06-10 09:00:00', '2026-06-12 00:00:00', 5, 5),
('Despesa', 'Acabamentos em acrilico pendentes', 980.00, 'Pendente', '2026-06-14 00:00:00', NULL, 1, '2026-06-12 09:00:00', '2026-06-14 00:00:00', 6, 7),
('Despesa', 'Embalagens para kits de junho', 640.00, 'Pendente', '2026-06-17 00:00:00', NULL, 1, '2026-06-15 09:00:00', '2026-06-17 00:00:00', 2, 3);


DROP TABLE IF EXISTS v_dash_kpi_mes;
DROP VIEW IF EXISTS v_dash_kpi_mes;

DROP TABLE IF EXISTS v_dash_vendas_categoria;
DROP VIEW IF EXISTS v_dash_vendas_categoria;

DROP TABLE IF EXISTS v_dash_despesas_categoria;
DROP VIEW IF EXISTS v_dash_despesas_categoria;

DROP TABLE IF EXISTS v_dash_kpi_a_pagar;
DROP VIEW IF EXISTS v_dash_kpi_a_pagar;

DROP TABLE IF EXISTS v_dash_proximos_pagamentos;
DROP VIEW IF EXISTS v_dash_proximos_pagamentos;

DROP TABLE IF EXISTS vw_tipo_pedido;
DROP VIEW IF EXISTS vw_tipo_pedido;

DROP TABLE IF EXISTS vw_leadtime_funcionario;
DROP VIEW IF EXISTS vw_leadtime_funcionario;

DROP TABLE IF EXISTS vw_retrabalho_quantidade_mes;
DROP VIEW IF EXISTS vw_retrabalho_quantidade_mes;

DROP TABLE IF EXISTS vw_leadtime_etapa;
DROP VIEW IF EXISTS vw_leadtime_etapa;

DROP TABLE IF EXISTS vw_leadtime_mensal;
DROP VIEW IF EXISTS vw_leadtime_mensal;

DROP TABLE IF EXISTS vw_filtro_produto_item;
DROP VIEW IF EXISTS vw_filtro_produto_item;

DROP TABLE IF EXISTS vw_pedidos_mes;
DROP VIEW IF EXISTS vw_pedidos_mes;

DROP TABLE IF EXISTS vw_carga_trabalho;
DROP VIEW IF EXISTS vw_carga_trabalho;

DROP TABLE IF EXISTS vw_pedidos_sem_atualizacao;
DROP VIEW IF EXISTS vw_pedidos_sem_atualizacao;

CREATE OR REPLACE VIEW v_dash_vendas_categoria AS
SELECT
    ROW_NUMBER() OVER (ORDER BY C.id, MIN(P.created_at)) AS id,
    C.id AS categoria_id,
    C.titulo AS nome_categoria,
    SUM(PP.preco_unitario * PP.qtd_produto) AS valor_total_vendido,
    COUNT(DISTINCT PP.pedido_id) AS quantidade_pedidos,
    DATE(P.created_at) AS data_referencia
FROM produto_pedido PP
         JOIN pedido P ON PP.pedido_id = P.id
         JOIN produto PR ON PP.produto_id = PR.id
         JOIN tema_produto T ON PR.tema_produto_id = T.id
         JOIN categoria_tema C ON T.categoria_tema_id = C.id
GROUP BY C.id, C.titulo, DATE(P.created_at);

CREATE OR REPLACE VIEW v_dash_despesas_categoria AS
SELECT
    ROW_NUMBER() OVER (ORDER BY CM.id, MIN(M.data_pagamento)) AS id,
    CM.id AS categoria_id,
    CM.descricao AS nome_categoria,
    SUM(M.valor) AS valor_total,
    DATE(M.data_pagamento) AS data_referencia
FROM movimentacao M
         JOIN categoria_movimentacao CM ON M.categoria_movimentacao_id = CM.id
WHERE M.tipo = 'Despesa'
  AND M.status_pagamento = 'Pago'
  AND M.status = true
GROUP BY CM.id, CM.descricao, DATE(M.data_pagamento);

CREATE OR REPLACE VIEW v_dash_kpi_mes AS
WITH DadosMensais AS (
    SELECT
        DATE_FORMAT(M.data_pagamento, '%Y-%m-01') AS MES_REFERENCIA_FORMATADA,
        M.tipo AS TIPO_MOVIMENTACAO,
        SUM(M.valor) AS VALOR_MES
    FROM movimentacao M
             JOIN categoria_movimentacao CM ON M.categoria_movimentacao_id = CM.id
    WHERE M.status_pagamento = 'Pago'
      AND M.status = true
      AND M.data_pagamento IS NOT NULL
    GROUP BY 1, 2
),
     ValoresComPeriodoAnterior AS (
         SELECT
             MES_REFERENCIA_FORMATADA,
             TIPO_MOVIMENTACAO,
             VALOR_MES,
             LAG(VALOR_MES, 1, 0.0) OVER (
                 PARTITION BY TIPO_MOVIMENTACAO
                 ORDER BY MES_REFERENCIA_FORMATADA
                 ) AS VALOR_MES_ANTERIOR
         FROM DadosMensais
     )
SELECT
    ROW_NUMBER() OVER (ORDER BY MES_REFERENCIA_FORMATADA, TIPO_MOVIMENTACAO) AS id,
    T.TIPO_MOVIMENTACAO AS tipo_movimentacao,
    T.VALOR_MES AS valor_mes_atual,
    T.VALOR_MES_ANTERIOR AS valor_mes_anterior,
    CASE
        WHEN T.VALOR_MES_ANTERIOR = 0 THEN
            CASE WHEN T.VALOR_MES > 0 THEN 1.0 ELSE 0.0 END
        ELSE
            (T.VALOR_MES - T.VALOR_MES_ANTERIOR) / T.VALOR_MES_ANTERIOR
        END AS percentual_variacao,
    STR_TO_DATE(T.MES_REFERENCIA_FORMATADA, '%Y-%m-%d') AS mes_referencia
FROM ValoresComPeriodoAnterior T;

CREATE OR REPLACE VIEW v_dash_kpi_a_pagar AS
SELECT
    M.id AS id,
    M.valor AS valor,
    M.data_vencimento AS data_vencimento
FROM movimentacao M
WHERE M.tipo = 'Despesa'
  AND M.status_pagamento = 'Pendente'
  AND M.status = true;

CREATE OR REPLACE VIEW v_dash_proximos_pagamentos AS
SELECT
    M.id AS id,
    M.descricao AS descricao,
    M.valor AS valor,
    M.data_vencimento AS data_vencimento,
    CM.descricao AS categoria,
    GREATEST(DATEDIFF(CURDATE(), M.data_vencimento), 0) AS dias_atraso
FROM movimentacao M
         JOIN categoria_movimentacao CM ON M.categoria_movimentacao_id = CM.id
WHERE M.tipo = 'Despesa'
  AND M.status_pagamento = 'Pendente'
  AND M.status = true;

-- ============================================================
--  Dashboard de Gestão de Pedidos — todas as views
-- ============================================================

CREATE OR REPLACE VIEW vw_tipo_pedido AS
SELECT
    p.id,
    p.origem,
    p.observacoes,
    sp.status,
    sp.status_role,
    CASE
        -- 1º Avaliar primeiro o Retrabalho (inclui verificação de NULL e ambas as roles)
        WHEN (
            (sp.status_role IS NULL OR sp.status_role NOT IN ('ENTREGUE', 'CANCELADO', 'FINALIZADO'))
            AND EXISTS (
                SELECT 1
                FROM pedido_status_pedido psp1
                JOIN status_pedido sp1 ON sp1.id = psp1.status_id
                WHERE psp1.pedido_id = p.id
                  AND psp1.status_atual = 0
                  AND sp1.status_role IN ('ENTREGUE', 'FINALIZADO')
            )
        ) THEN 'Retrabalho'

        -- 2º Avaliar Atrasos
        WHEN (p.data_limite IS NOT NULL AND p.data_limite <= NOW()
            AND (sp.status_role IS NULL OR sp.status_role NOT IN ('CANCELADO', 'ENTREGUE', 'FINALIZADO')))
            THEN 'Atrasado'

        -- 3º Condição normal
        ELSE 'Normal'
    END AS tipo_pedido
FROM pedido AS p
JOIN pedido_status_pedido psp ON psp.pedido_id = p.id
JOIN status_pedido sp ON sp.id = psp.status_id
WHERE p.ativo = 1
  AND psp.status_atual = 1;

CREATE OR REPLACE VIEW vw_leadtime_funcionario AS
SELECT
    u.name                                       AS funcionario,
    AVG(DATEDIFF(psp.created_at, p.created_at))  AS lead_time,
    COUNT(p.id)                                  AS total_pedidos
FROM pedido AS p
         JOIN usuario u ON u.id = p.usuario_id
         JOIN pedido_status_pedido psp ON psp.pedido_id = p.id
         JOIN status_pedido sp ON sp.id = psp.status_id
         JOIN vw_tipo_pedido tp ON tp.id = p.id
WHERE psp.status_atual = 1
  AND p.ativo = 1
  AND sp.status_role = 'FINALIZADO'
GROUP BY u.name;

CREATE OR REPLACE VIEW vw_retrabalho_quantidade_mes AS
SELECT
    DATE_FORMAT(psp_rework.created_at, '%Y-%m') AS mes,
    COUNT(DISTINCT p.id) AS quantidade_pedidos
FROM pedido p
JOIN pedido_status_pedido psp_rework
    ON psp_rework.pedido_id = p.id
JOIN status_pedido sp_rework
    ON sp_rework.id = psp_rework.status_id
WHERE p.ativo = 1
  AND (
        sp_rework.status_role IS NULL
        OR sp_rework.status_role NOT IN ('FINALIZADO', 'ENTREGUE', 'CANCELADO')
      )
  AND EXISTS (
      SELECT 1
      FROM pedido_status_pedido psp_hist
      JOIN status_pedido sp_hist
          ON sp_hist.id = psp_hist.status_id
      WHERE psp_hist.pedido_id = p.id
        AND sp_hist.status_role IN ('FINALIZADO', 'ENTREGUE')
        AND psp_hist.created_at < psp_rework.created_at
  )
GROUP BY DATE_FORMAT(psp_rework.created_at, '%Y-%m')
ORDER BY mes ASC;

CREATE OR REPLACE VIEW vw_leadtime_etapa AS
SELECT
    sp.status                                        AS etapa,
    AVG(GREATEST(DATEDIFF(COALESCE(psp.updated_at, psp.created_at), psp.created_at), 0))   AS lead_time
FROM pedido AS p
         JOIN pedido_status_pedido psp ON psp.pedido_id = p.id
         JOIN status_pedido sp ON sp.id = psp.status_id
         JOIN vw_tipo_pedido tp ON tp.id = p.id
WHERE p.ativo = 1
GROUP BY sp.status;

CREATE OR REPLACE VIEW vw_leadtime_mensal AS
SELECT
    DATE_FORMAT(psp.created_at, '%Y-%m')          AS mes,
    AVG(DATEDIFF(psp.created_at, p.created_at))   AS lead_time
FROM pedido AS p
JOIN pedido_status_pedido psp ON psp.pedido_id = p.id
JOIN status_pedido sp ON sp.id = psp.status_id
WHERE p.ativo = 1
  AND sp.status_role = 'ENTREGUE'
GROUP BY DATE_FORMAT(psp.created_at, '%Y-%m')
ORDER BY mes ASC;

CREATE OR REPLACE VIEW vw_filtro_produto_item AS
SELECT
    p.id                               AS id,
    pp.produto_id                      AS produto_id,
    COALESCE(prod.item_produto_id, 0)  AS qtd_prod
FROM pedido AS p
         LEFT JOIN produto_pedido pp ON pp.pedido_id = p.id
         LEFT JOIN produto prod ON pp.produto_id = prod.id
WHERE p.ativo = 1;

CREATE OR REPLACE VIEW vw_pedidos_mes AS
SELECT
    DATE_FORMAT(p.created_at, '%Y-%m') AS mes,
    COUNT(DISTINCT p.id) AS total_criados,
    COUNT(DISTINCT CASE
        WHEN EXISTS (
            SELECT 1
            FROM pedido_status_pedido psp
            JOIN status_pedido sp ON sp.id = psp.status_id
            WHERE psp.pedido_id = p.id
              AND sp.status_role IN ('ENTREGUE', 'FINALIZADO')
        ) THEN p.id
    END) AS total_entregues
FROM pedido p
WHERE p.ativo = 1
GROUP BY DATE_FORMAT(p.created_at, '%Y-%m')
ORDER BY mes ASC;

CREATE OR REPLACE VIEW vw_carga_trabalho AS
SELECT
    u.name       AS funcionario,
    COUNT(p.id)  AS em_andamento
FROM pedido p
         JOIN usuario u ON u.id = p.usuario_id
         JOIN pedido_status_pedido psp ON psp.pedido_id = p.id AND psp.status_atual = 1
         JOIN status_pedido sp ON sp.id = psp.status_id
WHERE p.ativo = 1
  AND (sp.status_role IS NULL OR sp.status_role NOT IN ('ENTREGUE', 'CANCELADO', 'FINALIZADO'))
GROUP BY u.name;

CREATE OR REPLACE VIEW vw_pedidos_sem_atualizacao AS
SELECT
    p.id,
    c.nome                          AS cliente,
    sp.status,
    DATEDIFF(NOW(), psp.created_at) AS dias_parado,
    u.name                          AS responsavel
FROM pedido p
         JOIN pedido_status_pedido psp ON psp.pedido_id = p.id AND psp.status_atual = 1
         JOIN status_pedido sp ON sp.id = psp.status_id
         JOIN cliente c ON c.id = p.cliente_id
         JOIN usuario u ON u.id = p.usuario_id
WHERE p.ativo = 1
  AND (sp.status_role IS NULL OR sp.status_role NOT IN ('ENTREGUE', 'CANCELADO', 'FINALIZADO'))
  AND DATEDIFF(NOW(), psp.created_at) >= 3
ORDER BY dias_parado DESC;
